article,service_catalog_item_id,name,folder_path,category,source_url,base_price,is_active,is_calculable,description_length,full_description_length,rules_parse_status,rules_parse_status_group,article_group_size,article_group_rank,duplicate_types,problem_reason,duplicate_kind,source_variant_count,full_description_preview
19002,16c23b9d-9d53-429b-a6b9-c5736c1f1fd6,"Крайкування кутів, радіусів",viyar-services/pokleyka_krivolineynaya,edgebanding,https://viyar.ua/ua/catalog/kromkovanie_pvkh_uglov_radiusov_bez_stoimosti_materiala/,111.96,True,True,33,453,parsed,parsed,2,1,same_article_same_name_same_price,same_article_same_name_same_price,identical,1,"Опис Опис: Обклеювання торців деталей з кутами, відмінними від 90 градусів, радіусами або Г-подібними зарізами ПВХ-крайкою. Обмеження: Мінімальний радіус: 10 мм для крайки 0,4–0,8 мм, 70 мм для крайки від 1 мм. Для обклеювання без радіуса необхідно виписувати обробку фрезерного різу. Мінімальний роз"
19002,5c5bbf30-e3ee-4df9-9f74-85b124cdc112,"Крайкування кутів, радіусів",viyar-services/pokleyka_krivolineynaya,edgebanding,https://viyar.ua/ua/catalog/kromkovanie_pvkh_uglov_radiusov_bez_stoimosti_materiala/,111.96,True,True,33,453,parsed,parsed,2,2,same_article_same_name_same_price,same_article_same_name_same_price,identical,1,"Опис Опис: Обклеювання торців деталей з кутами, відмінними від 90 градусів, радіусами або Г-подібними зарізами ПВХ-крайкою. Обмеження: Мінімальний радіус: 10 мм для крайки 0,4–0,8 мм, 70 мм для крайки від 1 мм. Для обклеювання без радіуса необхідно виписувати обробку фрезерного різу. Мінімальний роз"
19049,0e3880af-b1b7-4814-8ecb-86164df235e4,Складний фрезерний різ,viyar-services/frezerovka,milling,https://viyar.ua/ua/catalog/slozhnyy_frezernyy_rez_radiusa_krivolineynye_rezy/,162.0,True,True,236,530,parsed,parsed,2,1,same_article_same_name_same_price,same_article_same_name_same_price,identical,1,"Опис Опис: Сюди відносяться зарізи (П-подібні і Г-подібні), вікна, радіуси, дуги (внутрішні та зовнішні), довжина яких перевищує 450 мм. Обмеження: Мінімальні розміри: - П-подібний виріз: 15×3 мм (без додаткової обробки), 100×10 мм (з обробкою); - Г-подібний виріз: 10×3 мм; - Вікна: окружність - рад"
19049,c71c6d3a-f22f-4083-805b-3ba6fc8b9a38,Складний фрезерний різ,viyar-services/frezerovka,milling,https://viyar.ua/ua/catalog/slozhnyy_frezernyy_rez_radiusa_krivolineynye_rezy/,162.0,True,True,236,530,parsed,parsed,2,2,same_article_same_name_same_price,same_article_same_name_same_price,identical,1,"Опис Опис: Сюди відносяться зарізи (П-подібні і Г-подібні), вікна, радіуси, дуги (внутрішні та зовнішні), довжина яких перевищує 450 мм. Обмеження: Мінімальні розміри: - П-подібний виріз: 15×3 мм (без додаткової обробки), 100×10 мм (з обробкою); - Г-подібний виріз: 10×3 мм; - Вікна: окружність - рад"
32810,027f78ad-a9e4-452d-acac-81a37fe69b2b,"Крайкування ручне вирізів, вікон",viyar-services/pokleyka_krivolineynaya,edgebanding,https://viyar.ua/ua/catalog/kromkovanie_ruchnoe_vyrezov_okon_bez_stoimosti_materiala/,255.96,True,True,33,438,parsed,parsed,2,1,same_article_same_name_same_price,same_article_same_name_same_price,identical,1,"Опис Опис: Обклеювання крайкою зрізів деталей з П-подібними зарізами і вирізами (вікнами). Обмеження: Периметр вирізу більше 1 м.п. Мінімальний розмір прямокутного вирізу – 200×200 мм, круглого – d = 200 мм, ширина для П-подібного вирізу – не менше 200 мм. Для тонкої крайки радіус внутрішніх кутів –"
32810,47438a0a-27e1-4e6b-84f5-f18dbd22f3f0,"Крайкування ручне вирізів, вікон",viyar-services/pokleyka_krivolineynaya,edgebanding,https://viyar.ua/ua/catalog/kromkovanie_ruchnoe_vyrezov_okon_bez_stoimosti_materiala/,255.96,True,True,33,438,parsed,parsed,2,2,same_article_same_name_same_price,same_article_same_name_same_price,identical,1,"Опис Опис: Обклеювання крайкою зрізів деталей з П-подібними зарізами і вирізами (вікнами). Обмеження: Периметр вирізу більше 1 м.п. Мінімальний розмір прямокутного вирізу – 200×200 мм, круглого – d = 200 мм, ширина для П-подібного вирізу – не менше 200 мм. Для тонкої крайки радіус внутрішніх кутів –"
32811,6c909d41-3ecb-470f-9dfa-2d0d021cb684,"Крайкування ручне вирізів, вікон мінім.",viyar-services/pokleyka_krivolineynaya,edgebanding,https://viyar.ua/ua/catalog/kromkovanie_ruchnoe_minimalnoe_vyrezov_okon_bez_stoimosti_materiala/,255.96,True,True,33,386,parsed,parsed,2,1,same_article_same_name_same_price,same_article_same_name_same_price,identical,1,"Опис Опис: Обклеювання крайкою зрізів деталей з П-подібними зарізами і вирізами (вікнами). Обмеження: Периметр вирізу до 1 м.п. Максимальний розмір прямокутного вирізу – 200×200 мм, круглого – d = 200 мм. Для тонкої крайки радіус внутрішніх кутів – від 10 мм, для товстої – від 50 мм. Вирізи у вигляд"
32811,29b292c8-5816-4d27-9f69-0aafeecc50a5,"Крайкування ручне вирізів, вікон мінім.",viyar-services/pokleyka_krivolineynaya,edgebanding,https://viyar.ua/ua/catalog/kromkovanie_ruchnoe_minimalnoe_vyrezov_okon_bez_stoimosti_materiala/,255.96,True,True,33,386,parsed,parsed,2,2,same_article_same_name_same_price,same_article_same_name_same_price,identical,1,"Опис Опис: Обклеювання крайкою зрізів деталей з П-подібними зарізами і вирізами (вікнами). Обмеження: Периметр вирізу до 1 м.п. Максимальний розмір прямокутного вирізу – 200×200 мм, круглого – d = 200 мм. Для тонкої крайки радіус внутрішніх кутів – від 10 мм, для товстої – від 50 мм. Вирізи у вигляд"
40616,20233306-4a8b-422c-a319-634753c7d78d,"Крайкування кутів, радіусів стільниць",viyar-services/pokleyka_krivolineynaya,edgebanding,https://viyar.ua/ua/catalog/kromkovanie_soft_post_forminga_uglov_radiusov_bez_stoimosti_materiala/,211.98,True,True,33,0,no_full_description,no_full_description,2,1,same_article_same_name_same_price,same_article_same_name_same_price,identical,1,
40616,54ffffd6-30a3-4aa5-9c10-be879e91a656,"Крайкування кутів, радіусів стільниць",viyar-services/pokleyka_krivolineynaya,edgebanding,https://viyar.ua/ua/catalog/kromkovanie_soft_post_forminga_uglov_radiusov_bez_stoimosti_materiala/,211.98,True,True,33,0,no_full_description,no_full_description,2,2,same_article_same_name_same_price,same_article_same_name_same_price,identical,1,
52733,25bf93e1-4a5a-4cfe-bca7-c1e6625ae37f,"Крайкування ручне вирізів, вікон (плит ВГ та ГТ)",viyar-services/pokleyka_krivolineynaya,edgebanding,https://viyar.ua/ua/catalog/kromkovanie_ruchnoe_vyrezov_okon_plit_vysokogo_glyantsa_i_glubokoy_tekstury/,300.0,True,True,33,394,parsed,parsed,2,1,same_article_same_name_same_price,same_article_same_name_same_price,identical,1,"Опис Опис: Обклеювання крайкою зрізів деталей з П-подібними зарізами і вирізами (вікнами). Обмеження: Периметр вирізу більше 1 м.п. Мінімальний розмір прямокутного вирізу – 200×200 мм, круглого – d = 200 мм, ширина для П-подібного вирізу – не менше 200 мм. Вирізи у вигляді вікон обклеюються тільки т"
52733,9b062708-b9b8-40f8-b5bb-5f8ff3fa7059,"Крайкування ручне вирізів, вікон (плит ВГ та ГТ)",viyar-services/pokleyka_krivolineynaya,edgebanding,https://viyar.ua/ua/catalog/kromkovanie_ruchnoe_vyrezov_okon_plit_vysokogo_glyantsa_i_glubokoy_tekstury/,300.0,True,True,33,394,parsed,parsed,2,2,same_article_same_name_same_price,same_article_same_name_same_price,identical,1,"Опис Опис: Обклеювання крайкою зрізів деталей з П-подібними зарізами і вирізами (вікнами). Обмеження: Периметр вирізу більше 1 м.п. Мінімальний розмір прямокутного вирізу – 200×200 мм, круглого – d = 200 мм, ширина для П-подібного вирізу – не менше 200 мм. Вирізи у вигляді вікон обклеюються тільки т"
52738,c630f3a8-28d7-4584-9071-81704388eda4,"Крайкування ручне вирізів, вікон мінім. (плит ВГ та ГТ)",viyar-services/pokleyka_krivolineynaya,edgebanding,https://viyar.ua/ua/catalog/kromkovanie_ruchnoe_minimalnoe_vyrezov_okon_plit_vysokogo_glyantsa_i_glubokoy_tekstury/,300.0,True,True,33,422,parsed,parsed,2,1,same_article_same_name_same_price,same_article_same_name_same_price,identical,1,"Опис Опис: Обклеювання крайкою зрізів деталей з П-подібними зарізами і вирізами (вікнами). Обмеження: Периметр вирізу до 1 м.п. Максимальний розмір прямокутного вирізу – 200×200 мм, круглого – d = 200 мм. Для тонкої крайки радіус внутрішніх кутів – від 10 мм, для товстої – від 50 мм. Використовуєтьс"
52738,697930f1-b1a6-4038-bbad-d5ac7cf678ca,"Крайкування ручне вирізів, вікон мінім. (плит ВГ та ГТ)",viyar-services/pokleyka_krivolineynaya,edgebanding,https://viyar.ua/ua/catalog/kromkovanie_ruchnoe_minimalnoe_vyrezov_okon_plit_vysokogo_glyantsa_i_glubokoy_tekstury/,300.0,True,True,33,422,parsed,parsed,2,2,same_article_same_name_same_price,same_article_same_name_same_price,identical,1,"Опис Опис: Обклеювання крайкою зрізів деталей з П-подібними зарізами і вирізами (вікнами). Обмеження: Периметр вирізу до 1 м.п. Максимальний розмір прямокутного вирізу – 200×200 мм, круглого – d = 200 мм. Для тонкої крайки радіус внутрішніх кутів – від 10 мм, для товстої – від 50 мм. Використовуєтьс"
52740,db3924a1-75bc-4357-9ed2-fd66d72fed0a,"Крайкування кутів, радіусів (плит ВГ та ГТ)",viyar-services/pokleyka_krivolineynaya,edgebanding,https://viyar.ua/ua/catalog/kromkovanie_uglov_radiusov_plit_vysokogo_glyantsa_i_glubokoy_tekstury/,138.96,True,True,33,452,parsed,parsed,2,1,same_article_same_name_same_price,same_article_same_name_same_price,identical,1,"Опис Опис: Обклеювання торців деталей з кутами, відмінними від 90 градусів, радіусами або Г-подібними зарізами ПВХ-крайкою Обмеження: Мінімальний радіус: 10 мм для крайки 0,4–0,8 мм, 70 мм для крайки від 1 мм. Для обклеювання без радіуса необхідно виписувати обробку фрезерного різу. Мінімальний розм"
52740,dee3bb71-5df3-45a4-850a-b6664b55f260,"Крайкування кутів, радіусів (плит ВГ та ГТ)",viyar-services/pokleyka_krivolineynaya,edgebanding,https://viyar.ua/ua/catalog/kromkovanie_uglov_radiusov_plit_vysokogo_glyantsa_i_glubokoy_tekstury/,138.96,True,True,33,452,parsed,parsed,2,2,same_article_same_name_same_price,same_article_same_name_same_price,identical,1,"Опис Опис: Обклеювання торців деталей з кутами, відмінними від 90 градусів, радіусами або Г-подібними зарізами ПВХ-крайкою Обмеження: Мінімальний радіус: 10 мм для крайки 0,4–0,8 мм, 70 мм для крайки від 1 мм. Для обклеювання без радіуса необхідно виписувати обробку фрезерного різу. Мінімальний розм"
53373,c921fb1c-8e9e-4517-8ed5-699ec112d71a,"Крайкування кутів, радіусів стяжок",viyar-services/pokleyka_krivolineynaya,edgebanding,https://viyar.ua/ua/catalog/kromkovanie_uglov_radiusov_styazhek/,145.98,True,True,33,0,no_full_description,no_full_description,2,1,same_article_same_name_same_price,same_article_same_name_same_price,identical,1,
53373,917fd06c-e029-4e77-a259-5cdf1bdd80b2,"Крайкування кутів, радіусів стяжок",viyar-services/pokleyka_krivolineynaya,edgebanding,https://viyar.ua/ua/catalog/kromkovanie_uglov_radiusov_styazhek/,145.98,True,True,33,0,no_full_description,no_full_description,2,2,same_article_same_name_same_price,same_article_same_name_same_price,identical,1,
53374,357ce1e0-b78c-4d20-9425-06cfd666c094,"Крайкування кутів, радіусів, стяжок (плит вис. глянцю та глиб. текстури)",viyar-services/pokleyka_krivolineynaya,edgebanding,https://viyar.ua/ua/catalog/kromkovanie_uglov_radiusov_styazhek_plit_vysok_glyantsa_i_glub_tekst_/,174.0,True,True,33,0,no_full_description,no_full_description,2,1,same_article_same_name_same_price,same_article_same_name_same_price,identical,1,
53374,d0674348-b57f-4cb7-803d-e553b95c3a53,"Крайкування кутів, радіусів, стяжок (плит вис. глянцю та глиб. текстури)",viyar-services/pokleyka_krivolineynaya,edgebanding,https://viyar.ua/ua/catalog/kromkovanie_uglov_radiusov_styazhek_plit_vysok_glyantsa_i_glub_tekst_/,174.0,True,True,33,0,no_full_description,no_full_description,2,2,same_article_same_name_same_price,same_article_same_name_same_price,identical,1,
53375,08c49e2c-7c6d-4349-b9cb-b66076ed81da,"Крайкування ручне вирізів, вікон стяжок мінім.",viyar-services/pokleyka_krivolineynaya,edgebanding,https://viyar.ua/ua/catalog/kromkovanie_styazhek_ruchnoe_minimalnoe_vyrezov_okon/,381.96,True,True,33,376,parsed,parsed,2,1,same_article_same_name_same_price,same_article_same_name_same_price,identical,1,"Опис Опис: Обклеювання крайкою зрізів стяжок (з'єднання 2-3 плит) з П-подібними зарізами і вирізами. Обмеження: Периметр вирізу менше 1 м.п. Мінімальний розмір П-подібного вирізу: 200×10 мм (крайка ≤ 0,8 мм) або 200×50 мм (крайка ≥ 1 мм). Мінімальний радіус: 80 мм. Внутрішні сторони вирізів вікон кр"
53375,41be5d60-07c2-403d-b304-7ae3da861b2b,"Крайкування ручне вирізів, вікон стяжок мінім.",viyar-services/pokleyka_krivolineynaya,edgebanding,https://viyar.ua/ua/catalog/kromkovanie_styazhek_ruchnoe_minimalnoe_vyrezov_okon/,381.96,True,True,33,376,parsed,parsed,2,2,same_article_same_name_same_price,same_article_same_name_same_price,identical,1,"Опис Опис: Обклеювання крайкою зрізів стяжок (з'єднання 2-3 плит) з П-подібними зарізами і вирізами. Обмеження: Периметр вирізу менше 1 м.п. Мінімальний розмір П-подібного вирізу: 200×10 мм (крайка ≤ 0,8 мм) або 200×50 мм (крайка ≥ 1 мм). Мінімальний радіус: 80 мм. Внутрішні сторони вирізів вікон кр"
53376,a0bb6f08-8853-47c9-a283-1482aea5de32,"Крайкування ручне вирізів, вікон стяжок мінім. (плит ВГ та ГТ)",viyar-services/pokleyka_krivolineynaya,edgebanding,https://viyar.ua/ua/catalog/kromkovanie_styazhek_ruchnoe_minimalnoe_vyrezov_okon_plit_vysok_glyantsa_i_glub_tekst_/,471.96,True,True,33,376,parsed,parsed,2,1,same_article_same_name_same_price,same_article_same_name_same_price,identical,1,"Опис Опис: Обклеювання крайкою зрізів стяжок (з'єднання 2-3 плит) з П-подібними зарізами і вирізами. Обмеження: Периметр вирізу менше 1 м.п. Мінімальний розмір П-подібного вирізу: 200×10 мм (крайка ≤ 0,8 мм) або 200×50 мм (крайка ≥ 1 мм). Мінімальний радіус: 80 мм. Внутрішні сторони вирізів вікон кр"
53376,feb0f4dd-7413-4e51-ba7a-1958deaacef0,"Крайкування ручне вирізів, вікон стяжок мінім. (плит ВГ та ГТ)",viyar-services/pokleyka_krivolineynaya,edgebanding,https://viyar.ua/ua/catalog/kromkovanie_styazhek_ruchnoe_minimalnoe_vyrezov_okon_plit_vysok_glyantsa_i_glub_tekst_/,471.96,True,True,33,376,parsed,parsed,2,2,same_article_same_name_same_price,same_article_same_name_same_price,identical,1,"Опис Опис: Обклеювання крайкою зрізів стяжок (з'єднання 2-3 плит) з П-подібними зарізами і вирізами. Обмеження: Периметр вирізу менше 1 м.п. Мінімальний розмір П-подібного вирізу: 200×10 мм (крайка ≤ 0,8 мм) або 200×50 мм (крайка ≥ 1 мм). Мінімальний радіус: 80 мм. Внутрішні сторони вирізів вікон кр"
53377,03d1cf32-7eb5-483a-a048-c061cc7a10ef,"Крайкування ручне вирізів, вікон стяжок",viyar-services/pokleyka_krivolineynaya,edgebanding,https://viyar.ua/ua/catalog/kromkovanie_styazhek_ruchnoe_vyrezov_okon/,381.96,True,True,33,407,parsed,parsed,2,1,same_article_same_name_same_price,same_article_same_name_same_price,identical,1,"Опис Опис: Обклеювання крайкою зрізів стяжок (з'єднання 2-3 плит) з П-подібними зарізами і вирізами. Обмеження: Периметр вирізу більше 1 м.п. Для крайок товщиною до 0,8 мм мінімальний розмір П-подібного вирізу – 200×10 мм, мінімальний радіус – 80 мм. Для товщих крайок (від 1 мм) мінімальний розмір –"
53377,5c8e68b4-f08d-4bcd-8ecf-744175ed00b7,"Крайкування ручне вирізів, вікон стяжок",viyar-services/pokleyka_krivolineynaya,edgebanding,https://viyar.ua/ua/catalog/kromkovanie_styazhek_ruchnoe_vyrezov_okon/,381.96,True,True,33,407,parsed,parsed,2,2,same_article_same_name_same_price,same_article_same_name_same_price,identical,1,"Опис Опис: Обклеювання крайкою зрізів стяжок (з'єднання 2-3 плит) з П-подібними зарізами і вирізами. Обмеження: Периметр вирізу більше 1 м.п. Для крайок товщиною до 0,8 мм мінімальний розмір П-подібного вирізу – 200×10 мм, мінімальний радіус – 80 мм. Для товщих крайок (від 1 мм) мінімальний розмір –"
53379,f337e27f-cb45-4850-8eb9-5a259ee9b27a,"Крайкування ручне вирізів, вікон стяжок (плит ВГ та ГТ)",viyar-services/pokleyka_krivolineynaya,edgebanding,https://viyar.ua/ua/catalog/kromkovanie_styazhek_ruchnoe_vyrezov_okon_plit_vysok_glyantsa_i_glub_tekst_/,471.96,True,True,33,407,parsed,parsed,3,1,same_article_same_name_same_price,same_article_same_name_same_price,identical,1,"Опис Опис: Обклеювання крайкою зрізів стяжок (з'єднання 2-3 плит) з П-подібними зарізами і вирізами. Обмеження: Периметр вирізу більше 1 м.п. Для крайок товщиною до 0,8 мм мінімальний розмір П-подібного вирізу – 200×10 мм, мінімальний радіус – 80 мм. Для товщих крайок (від 1 мм) мінімальний розмір –"
53379,f283e03d-0032-430d-861c-1dcdd240db11,"Крайкування ручне вирізів, вікон стяжок (плит ВГ та ГТ)",viyar-services/pokleyka_krivolineynaya,edgebanding,https://viyar.ua/ua/catalog/kromkovanie_styazhek_ruchnoe_vyrezov_okon_plit_vysok_glyantsa_i_glub_tekst_/,471.96,True,True,33,407,parsed,parsed,3,2,same_article_same_name_same_price,same_article_same_name_same_price,identical,1,"Опис Опис: Обклеювання крайкою зрізів стяжок (з'єднання 2-3 плит) з П-подібними зарізами і вирізами. Обмеження: Периметр вирізу більше 1 м.п. Для крайок товщиною до 0,8 мм мінімальний розмір П-подібного вирізу – 200×10 мм, мінімальний радіус – 80 мм. Для товщих крайок (від 1 мм) мінімальний розмір –"
53379,9ee208ce-5507-4e65-8279-be0b7f9eec0e,"Крайкування ручне вирізів, вікон стяжок (плит ВГ та ГТ)",viyar-services/pokleyka_krivolineynaya,edgebanding,https://viyar.ua/ua/catalog/kromkovanie_styazhek_ruchnoe_vyrezov_okon_plit_vysok_glyantsa_i_glub_tekst_/,471.96,True,True,33,407,parsed,parsed,3,3,same_article_same_name_same_price,same_article_same_name_same_price,identical,1,"Опис Опис: Обклеювання крайкою зрізів стяжок (з'єднання 2-3 плит) з П-подібними зарізами і вирізами. Обмеження: Периметр вирізу більше 1 м.п. Для крайок товщиною до 0,8 мм мінімальний розмір П-подібного вирізу – 200×10 мм, мінімальний радіус – 80 мм. Для товщих крайок (від 1 мм) мінімальний розмір –"
54116,76310a3f-7277-43cf-8dbb-590603713167,Фрезерування кромки №1 - Плоске з обробкою (заріз до 450мм) (МебЩит),viyar-services/frezerovka,milling,https://viyar.ua/ua/catalog/frezerovanie_kromki_1_ploskoe_s_obrabotkoy_zarezy_do_450mm_mebshchit/,49.98,True,True,236,0,no_full_description,no_full_description,2,1,same_article_same_name_same_price,same_article_same_name_same_price,identical,1,
54116,fcda3058-92d9-410c-a9a8-c93f983db8ac,Фрезерування кромки №1 - Плоске з обробкою (заріз до 450мм) (МебЩит),viyar-services/frezerovka,milling,https://viyar.ua/ua/catalog/frezerovanie_kromki_1_ploskoe_s_obrabotkoy_zarezy_do_450mm_mebshchit/,49.98,True,True,236,0,no_full_description,no_full_description,2,2,same_article_same_name_same_price,same_article_same_name_same_price,identical,1,
61778,37b34270-ae0f-4185-8478-e76017f74df7,"Крайкування ручне вирізів, вікон білим клеєм (плит ВГ та ГТ)",viyar-services/pokleyka_krivolineynaya,edgebanding,https://viyar.ua/ua/catalog/kromkovanie_vyrezov_okon_belym_kleem_plit_vys_glyantsa_i_glub_tekst_/,300.0,True,True,33,423,parsed,parsed,2,1,same_article_same_name_same_price,same_article_same_name_same_price,identical,1,"Опис Опис: Обклеювання крайкою зрізів деталей з П-подібними зарізами і вирізами (вікнами). Обмеження: Периметр вирізу більше 1 м.п. Мінімальний розмір прямокутного вирізу – 200×200 мм, круглого – d = 200 мм, ширина для П-подібного вирізу – не менше 200 мм. Вирізи у вигляді вікон обклеюються тільки т"
61778,a26bb2a7-cfce-41da-a57d-f69eaade48f8,"Крайкування ручне вирізів, вікон білим клеєм (плит ВГ та ГТ)",viyar-services/pokleyka_krivolineynaya,edgebanding,https://viyar.ua/ua/catalog/kromkovanie_vyrezov_okon_belym_kleem_plit_vys_glyantsa_i_glub_tekst_/,300.0,True,True,33,423,parsed,parsed,2,2,same_article_same_name_same_price,same_article_same_name_same_price,identical,1,"Опис Опис: Обклеювання крайкою зрізів деталей з П-подібними зарізами і вирізами (вікнами). Обмеження: Периметр вирізу більше 1 м.п. Мінімальний розмір прямокутного вирізу – 200×200 мм, круглого – d = 200 мм, ширина для П-подібного вирізу – не менше 200 мм. Вирізи у вигляді вікон обклеюються тільки т"
61779,f4af9537-7d42-4a26-838b-dedc932bae64,"Крайкування ручне вирізів, вікон білим клеєм",viyar-services/pokleyka_krivolineynaya,edgebanding,https://viyar.ua/ua/catalog/kromkovanie_vyrezov_okon_belym_kleem/,255.96,True,True,33,387,parsed,parsed,2,1,same_article_same_name_same_price,same_article_same_name_same_price,identical,1,"Опис Опис: Обклеювання крайкою зрізів деталей з П-подібними зарізами і вирізами (вікнами). Обмеження: Периметр вирізу більше 1 м.п. Мінімальний розмір прямокутного вирізу – 200×200 мм, круглого – d = 200 мм, ширина для П-подібного вирізу – не менше 200 мм. Вирізи у вигляді вікон обклеюються тільки т"
61779,fc5e1ba8-be39-4c27-8160-3818d86dbb20,"Крайкування ручне вирізів, вікон білим клеєм",viyar-services/pokleyka_krivolineynaya,edgebanding,https://viyar.ua/ua/catalog/kromkovanie_vyrezov_okon_belym_kleem/,255.96,True,True,33,387,parsed,parsed,2,2,same_article_same_name_same_price,same_article_same_name_same_price,identical,1,"Опис Опис: Обклеювання крайкою зрізів деталей з П-подібними зарізами і вирізами (вікнами). Обмеження: Периметр вирізу більше 1 м.п. Мінімальний розмір прямокутного вирізу – 200×200 мм, круглого – d = 200 мм, ширина для П-подібного вирізу – не менше 200 мм. Вирізи у вигляді вікон обклеюються тільки т"
61780,f72a4ae5-0606-4fd3-acf7-b07701129312,"Крайкування ручне вирізів, вікон стяжок білим клеєм (плит ВГ та ГТ)",viyar-services/pokleyka_krivolineynaya,edgebanding,https://viyar.ua/ua/catalog/kromkovanie_vyrezov_okon_styazhek_belym_kleem_plit_vys_glyantsa_i_glub_tekst_/,471.96,True,True,33,407,parsed,parsed,2,1,same_article_same_name_same_price,same_article_same_name_same_price,identical,1,"Опис Опис: Обклеювання крайкою зрізів стяжок (з'єднання 2-3 плит) з П-подібними зарізами і вирізами. Обмеження: Периметр вирізу більше 1 м.п. Для крайок товщиною до 0,8 мм мінімальний розмір П-подібного вирізу – 200×10 мм, мінімальний радіус – 80 мм. Для товщих крайок (від 1 мм) мінімальний розмір –"
61780,588ae195-f1eb-4bdd-8de7-cfc31856b628,"Крайкування ручне вирізів, вікон стяжок білим клеєм (плит ВГ та ГТ)",viyar-services/pokleyka_krivolineynaya,edgebanding,https://viyar.ua/ua/catalog/kromkovanie_vyrezov_okon_styazhek_belym_kleem_plit_vys_glyantsa_i_glub_tekst_/,471.96,True,True,33,407,parsed,parsed,2,2,same_article_same_name_same_price,same_article_same_name_same_price,identical,1,"Опис Опис: Обклеювання крайкою зрізів стяжок (з'єднання 2-3 плит) з П-подібними зарізами і вирізами. Обмеження: Периметр вирізу більше 1 м.п. Для крайок товщиною до 0,8 мм мінімальний розмір П-подібного вирізу – 200×10 мм, мінімальний радіус – 80 мм. Для товщих крайок (від 1 мм) мінімальний розмір –"
61781,d94e0190-44db-4296-b44f-f5bcc9018c64,"Крайкування ручне вирізів, вікон стяжок білим клеєм",viyar-services/pokleyka_krivolineynaya,edgebanding,https://viyar.ua/ua/catalog/kromkovanie_vyrezov_okon_styazhek_belym_kleem/,381.96,True,True,33,407,parsed,parsed,2,1,same_article_same_name_same_price,same_article_same_name_same_price,identical,1,"Опис Опис: Обклеювання крайкою зрізів стяжок (з'єднання 2-3 плит) з П-подібними зарізами і вирізами. Обмеження: Периметр вирізу більше 1 м.п. Для крайок товщиною до 0,8 мм мінімальний розмір П-подібного вирізу – 200×10 мм, мінімальний радіус – 80 мм. Для товщих крайок (від 1 мм) мінімальний розмір –"
61781,3a1b869c-533c-4121-bf6c-c3a015d42b8f,"Крайкування ручне вирізів, вікон стяжок білим клеєм",viyar-services/pokleyka_krivolineynaya,edgebanding,https://viyar.ua/ua/catalog/kromkovanie_vyrezov_okon_styazhek_belym_kleem/,381.96,True,True,33,407,parsed,parsed,2,2,same_article_same_name_same_price,same_article_same_name_same_price,identical,1,"Опис Опис: Обклеювання крайкою зрізів стяжок (з'єднання 2-3 плит) з П-подібними зарізами і вирізами. Обмеження: Периметр вирізу більше 1 м.п. Для крайок товщиною до 0,8 мм мінімальний розмір П-подібного вирізу – 200×10 мм, мінімальний радіус – 80 мм. Для товщих крайок (від 1 мм) мінімальний розмір –"
61782,8deed07b-e9e8-439e-95d8-2bbc51a22ad6,"Крайкування ручне вирізів, вікон мінім. білим клеєм (плит ВГ та ГТ)",viyar-services/pokleyka_krivolineynaya,edgebanding,https://viyar.ua/ua/catalog/kromkovanie_vyrezov_okon_minim_belym_kleem_plit_vys_glyantsa_i_glub_tekst_/,300.0,True,True,33,363,parsed,parsed,2,1,same_article_same_name_same_price,same_article_same_name_same_price,identical,1,"Опис Опис: Обклеювання крайкою зрізів деталей з П-подібними зарізами і вирізами (вікнами). Обмеження: Периметр вирізу до 1 м.п. Максимальний розмір прямокутного вирізу – 200×200 мм, круглого – d = 200 мм. Для тонкої крайки радіус внутрішніх кутів – від 10 мм, для товстої – від 50 мм. Використовуєтьс"
61782,a60062b8-32ed-4b43-a1bd-0463b79222aa,"Крайкування ручне вирізів, вікон мінім. білим клеєм (плит ВГ та ГТ)",viyar-services/pokleyka_krivolineynaya,edgebanding,https://viyar.ua/ua/catalog/kromkovanie_vyrezov_okon_minim_belym_kleem_plit_vys_glyantsa_i_glub_tekst_/,300.0,True,True,33,363,parsed,parsed,2,2,same_article_same_name_same_price,same_article_same_name_same_price,identical,1,"Опис Опис: Обклеювання крайкою зрізів деталей з П-подібними зарізами і вирізами (вікнами). Обмеження: Периметр вирізу до 1 м.п. Максимальний розмір прямокутного вирізу – 200×200 мм, круглого – d = 200 мм. Для тонкої крайки радіус внутрішніх кутів – від 10 мм, для товстої – від 50 мм. Використовуєтьс"
61783,ea384dfc-d5a5-45b7-b142-80cc5e04916d,"Крайкування ручне вирізів, вікон мінім. білим клеєм",viyar-services/pokleyka_krivolineynaya,edgebanding,https://viyar.ua/ua/catalog/kromkovanie_vyrezov_okon_minim_belym_kleem/,255.96,True,True,33,386,parsed,parsed,2,1,same_article_same_name_same_price,same_article_same_name_same_price,identical,1,"Опис Опис: Обклеювання крайкою зрізів деталей з П-подібними зарізами і вирізами (вікнами). Обмеження: Периметр вирізу до 1 м.п. Максимальний розмір прямокутного вирізу – 200×200 мм, круглого – d = 200 мм. Для тонкої крайки радіус внутрішніх кутів – від 10 мм, для товстої – від 50 мм. Вирізи у вигляд"
61783,a6cdb603-a769-4319-a23b-f6504ef02b5d,"Крайкування ручне вирізів, вікон мінім. білим клеєм",viyar-services/pokleyka_krivolineynaya,edgebanding,https://viyar.ua/ua/catalog/kromkovanie_vyrezov_okon_minim_belym_kleem/,255.96,True,True,33,386,parsed,parsed,2,2,same_article_same_name_same_price,same_article_same_name_same_price,identical,1,"Опис Опис: Обклеювання крайкою зрізів деталей з П-подібними зарізами і вирізами (вікнами). Обмеження: Периметр вирізу до 1 м.п. Максимальний розмір прямокутного вирізу – 200×200 мм, круглого – d = 200 мм. Для тонкої крайки радіус внутрішніх кутів – від 10 мм, для товстої – від 50 мм. Вирізи у вигляд"
61784,66a3d129-0c08-4809-a0d0-0e9eaa9f3df0,"Крайкування ручне вирізів, вікон стяжок мінім. білим клеєм (плит ВГ та ГТ)",viyar-services/pokleyka_krivolineynaya,edgebanding,https://viyar.ua/ua/catalog/kromkovanie_vyrezov_okon_styazhek_minim_belym_kleem_plit_vys_glyantsa_i_glub_tekst_/,471.96,True,True,33,376,parsed,parsed,2,1,same_article_same_name_same_price,same_article_same_name_same_price,identical,1,"Опис Опис: Обклеювання крайкою зрізів стяжок (з'єднання 2-3 плит) з П-подібними зарізами і вирізами. Обмеження: Периметр вирізу менше 1 м.п. Мінімальний розмір П-подібного вирізу: 200×10 мм (крайка ≤ 0,8 мм) або 200×50 мм (крайка ≥ 1 мм). Мінімальний радіус: 80 мм. Внутрішні сторони вирізів вікон кр"
61784,271f58fa-0b9f-4178-be08-2b5a07cc056e,"Крайкування ручне вирізів, вікон стяжок мінім. білим клеєм (плит ВГ та ГТ)",viyar-services/pokleyka_krivolineynaya,edgebanding,https://viyar.ua/ua/catalog/kromkovanie_vyrezov_okon_styazhek_minim_belym_kleem_plit_vys_glyantsa_i_glub_tekst_/,471.96,True,True,33,376,parsed,parsed,2,2,same_article_same_name_same_price,same_article_same_name_same_price,identical,1,"Опис Опис: Обклеювання крайкою зрізів стяжок (з'єднання 2-3 плит) з П-подібними зарізами і вирізами. Обмеження: Периметр вирізу менше 1 м.п. Мінімальний розмір П-подібного вирізу: 200×10 мм (крайка ≤ 0,8 мм) або 200×50 мм (крайка ≥ 1 мм). Мінімальний радіус: 80 мм. Внутрішні сторони вирізів вікон кр"
61785,7b613495-1efe-48f1-b7aa-f952fc0e7d6f,"Крайкування ручне вирізів, вікон стяжок мінім. білим клеєм",viyar-services/pokleyka_krivolineynaya,edgebanding,https://viyar.ua/ua/catalog/kromkovanie_vyrezov_okon_styazhek_minim_belym_kleem/,381.96,True,True,33,376,parsed,parsed,2,1,same_article_same_name_same_price,same_article_same_name_same_price,identical,1,"Опис Опис: Обклеювання крайкою зрізів стяжок (з'єднання 2-3 плит) з П-подібними зарізами і вирізами. Обмеження: Периметр вирізу менше 1 м.п. Мінімальний розмір П-подібного вирізу: 200×10 мм (крайка ≤ 0,8 мм) або 200×50 мм (крайка ≥ 1 мм). Мінімальний радіус: 80 мм. Внутрішні сторони вирізів вікон кр"
61785,c6970467-1df7-42c8-b295-e1f25192e839,"Крайкування ручне вирізів, вікон стяжок мінім. білим клеєм",viyar-services/pokleyka_krivolineynaya,edgebanding,https://viyar.ua/ua/catalog/kromkovanie_vyrezov_okon_styazhek_minim_belym_kleem/,381.96,True,True,33,376,parsed,parsed,2,2,same_article_same_name_same_price,same_article_same_name_same_price,identical,1,"Опис Опис: Обклеювання крайкою зрізів стяжок (з'єднання 2-3 плит) з П-подібними зарізами і вирізами. Обмеження: Периметр вирізу менше 1 м.п. Мінімальний розмір П-подібного вирізу: 200×10 мм (крайка ≤ 0,8 мм) або 200×50 мм (крайка ≥ 1 мм). Мінімальний радіус: 80 мм. Внутрішні сторони вирізів вікон кр"
61786,eaf603b8-be6c-485e-bf71-db5eb6fbd230,"Крайкування кутів, радіусів білим клеєм (плит вис. глянцю та глиб. текстури)",viyar-services/pokleyka_krivolineynaya,edgebanding,https://viyar.ua/ua/catalog/kromkovanie_uglov_radiusov_belym_kleem_plit_vys_glyantsa_i_glub_tekst_/,138.96,True,True,33,523,parsed,parsed,2,1,same_article_same_name_same_price,same_article_same_name_same_price,identical,1,"Опис <strong>Опис:</strong><br> Обклеювання торців деталей з кутами, відмінними від 90 градусів, радіусами або Г-подібними зарізами ПВХ-крайкою<br> <strong>Обмеження:</strong><br> Мінімальний радіус: 10 мм для крайки 0,4–0,8 мм, 70 мм для крайки від 1 мм. Для обклеювання без радіуса необхідно випису"
61786,90947357-e16e-44a2-bf23-0d0869647360,"Крайкування кутів, радіусів білим клеєм (плит вис. глянцю та глиб. текстури)",viyar-services/pokleyka_krivolineynaya,edgebanding,https://viyar.ua/ua/catalog/kromkovanie_uglov_radiusov_belym_kleem_plit_vys_glyantsa_i_glub_tekst_/,138.96,True,True,33,523,parsed,parsed,2,2,same_article_same_name_same_price,same_article_same_name_same_price,identical,1,"Опис <strong>Опис:</strong><br> Обклеювання торців деталей з кутами, відмінними від 90 градусів, радіусами або Г-подібними зарізами ПВХ-крайкою<br> <strong>Обмеження:</strong><br> Мінімальний радіус: 10 мм для крайки 0,4–0,8 мм, 70 мм для крайки від 1 мм. Для обклеювання без радіуса необхідно випису"
61787,d988d31d-d033-4e8e-8c63-f8245deeef8d,"Крайкування кутів, радіусів білим клеєм",viyar-services/pokleyka_krivolineynaya,edgebanding,https://viyar.ua/ua/catalog/kromkovanie_uglov_radiusov_belym_kleem/,111.96,True,True,33,452,parsed,parsed,2,1,same_article_same_name_same_price,same_article_same_name_same_price,identical,1,"Опис Опис: Обклеювання торців деталей з кутами, відмінними від 90 градусів, радіусами або Г-подібними зарізами ПВХ-крайкою Обмеження: Мінімальний радіус: 10 мм для крайки 0,4–0,8 мм, 70 мм для крайки від 1 мм. Для обклеювання без радіуса необхідно виписувати обробку фрезерного різу. Мінімальний розм"
61787,992e8092-1732-4f4b-ad58-e0915d4777e3,"Крайкування кутів, радіусів білим клеєм",viyar-services/pokleyka_krivolineynaya,edgebanding,https://viyar.ua/ua/catalog/kromkovanie_uglov_radiusov_belym_kleem/,111.96,True,True,33,452,parsed,parsed,2,2,same_article_same_name_same_price,same_article_same_name_same_price,identical,1,"Опис Опис: Обклеювання торців деталей з кутами, відмінними від 90 градусів, радіусами або Г-подібними зарізами ПВХ-крайкою Обмеження: Мінімальний радіус: 10 мм для крайки 0,4–0,8 мм, 70 мм для крайки від 1 мм. Для обклеювання без радіуса необхідно виписувати обробку фрезерного різу. Мінімальний розм"
61788,e049dffb-85c4-44ff-aa97-d1ca80b62672,"Крайкування кутів, радіусів пластиком білим клеєм",viyar-services/pokleyka_krivolineynaya,edgebanding,https://viyar.ua/ua/catalog/kromkovanie_uglov_radiusov_plastikom_belym_kleem/,424.98,True,True,33,480,parsed,parsed,2,1,same_article_same_name_same_price,same_article_same_name_same_price,identical,1,"Опис <strong>Опис:</strong><br> Обклеювання торців деталей з кутами, відмінними від 90 градусів, радіусами або Г-подібними зарізами пластиковою крайкою.<br> <strong>Обмеження:</strong><br> Мінімальний радіус: 60 мм для крайки 0,4-0,8 мм, 70 мм для крайки від 1 мм. Для обклеювання без радіуса необхід"
61788,99a705b3-ee36-4266-ad60-1c479d91106d,"Крайкування кутів, радіусів пластиком білим клеєм",viyar-services/pokleyka_krivolineynaya,edgebanding,https://viyar.ua/ua/catalog/kromkovanie_uglov_radiusov_plastikom_belym_kleem/,424.98,True,True,33,480,parsed,parsed,2,2,same_article_same_name_same_price,same_article_same_name_same_price,identical,1,"Опис <strong>Опис:</strong><br> Обклеювання торців деталей з кутами, відмінними від 90 градусів, радіусами або Г-подібними зарізами пластиковою крайкою.<br> <strong>Обмеження:</strong><br> Мінімальний радіус: 60 мм для крайки 0,4-0,8 мм, 70 мм для крайки від 1 мм. Для обклеювання без радіуса необхід"
61789,3ebf31a3-d9ae-4f70-ab96-9b66e6bf582c,"Крайкування кутів, радіусів стільниць білим клеєм",viyar-services/pokleyka_krivolineynaya,edgebanding,https://viyar.ua/ua/catalog/kromkovanie_uglov_radiusov_stoleshnits_belym_kleem/,211.98,True,True,33,0,no_full_description,no_full_description,2,1,same_article_same_name_same_price,same_article_same_name_same_price,identical,1,
61789,1a44fa7e-0440-43d6-b9e2-e4ee3a923b13,"Крайкування кутів, радіусів стільниць білим клеєм",viyar-services/pokleyka_krivolineynaya,edgebanding,https://viyar.ua/ua/catalog/kromkovanie_uglov_radiusov_stoleshnits_belym_kleem/,211.98,True,True,33,0,no_full_description,no_full_description,2,2,same_article_same_name_same_price,same_article_same_name_same_price,identical,1,
61790,8a129fee-3036-4e7b-b26b-0688f60c622b,"Крайкування кутів, радіусів, стяжок білим клеєм (плит вис. глянцю та глиб. текстури)",viyar-services/pokleyka_krivolineynaya,edgebanding,https://viyar.ua/ua/catalog/kromkovanie_uglov_radiusov_styazhek_belym_kleem_plit_vys_glyantsa_i_glub_tekst_/,174.0,True,True,33,0,no_full_description,no_full_description,2,1,same_article_same_name_same_price,same_article_same_name_same_price,identical,1,
61790,d89a316e-a553-403d-8cda-a19acfc4505f,"Крайкування кутів, радіусів, стяжок білим клеєм (плит вис. глянцю та глиб. текстури)",viyar-services/pokleyka_krivolineynaya,edgebanding,https://viyar.ua/ua/catalog/kromkovanie_uglov_radiusov_styazhek_belym_kleem_plit_vys_glyantsa_i_glub_tekst_/,174.0,True,True,33,0,no_full_description,no_full_description,2,2,same_article_same_name_same_price,same_article_same_name_same_price,identical,1,
61791,f855876d-3e9b-4d8c-b914-b546fafe8fc6,"Крайкування кутів, радіусів стяжок білим клеєм",viyar-services/pokleyka_krivolineynaya,edgebanding,https://viyar.ua/ua/catalog/kromkovanie_uglov_radiusov_styazhek_belym_kleem/,145.98,True,True,33,0,no_full_description,no_full_description,2,1,same_article_same_name_same_price,same_article_same_name_same_price,identical,1,
61791,754b7469-af3c-401a-8747-76b340031659,"Крайкування кутів, радіусів стяжок білим клеєм",viyar-services/pokleyka_krivolineynaya,edgebanding,https://viyar.ua/ua/catalog/kromkovanie_uglov_radiusov_styazhek_belym_kleem/,145.98,True,True,33,0,no_full_description,no_full_description,2,2,same_article_same_name_same_price,same_article_same_name_same_price,identical,1,
68979,a3308f21-5193-4dc8-870d-2e3e68cbbcc2,"Крайкування кутів, радіусів мінім. (до 200мм)",viyar-services/pokleyka_krivolineynaya,edgebanding,https://viyar.ua/ua/catalog/kromkovanie_uglov_radiusov_minim_do_200mm/,111.96,True,True,33,547,parsed,parsed,2,1,same_article_same_name_same_price,same_article_same_name_same_price,identical,1,"Опис <strong>Опис:</strong><br> Обклеювання торців деталей з кутами, відмінними від 90 градусів, радіусами або Г-подібними зарізами ПВХ-крайкою з периметром до 200 мм.<br> <strong>Обмеження:</strong><br> Мінімальний радіус: 10 мм для крайки 0,4–0,8 мм, 70 мм для крайки від 1 мм. Для обклеювання без "
68979,c868c5d2-0e97-4eb5-a04f-ed671d958f30,"Крайкування кутів, радіусів мінім. (до 200мм)",viyar-services/pokleyka_krivolineynaya,edgebanding,https://viyar.ua/ua/catalog/kromkovanie_uglov_radiusov_minim_do_200mm/,111.96,True,True,33,547,parsed,parsed,2,2,same_article_same_name_same_price,same_article_same_name_same_price,identical,1,"Опис <strong>Опис:</strong><br> Обклеювання торців деталей з кутами, відмінними від 90 градусів, радіусами або Г-подібними зарізами ПВХ-крайкою з периметром до 200 мм.<br> <strong>Обмеження:</strong><br> Мінімальний радіус: 10 мм для крайки 0,4–0,8 мм, 70 мм для крайки від 1 мм. Для обклеювання без "
68980,08bb2819-f944-4154-803e-2bd2d236e9dd,"Крайкування кутів, радіусів мінім. білим клеєм (до 200мм)",viyar-services/pokleyka_krivolineynaya,edgebanding,https://viyar.ua/ua/catalog/kromkovanie_uglov_radiusov_minim_belym_kleem_do_200mm/,111.96,True,True,33,513,parsed,parsed,2,1,same_article_same_name_same_price,same_article_same_name_same_price,identical,1,"Опис <strong>Опис:</strong><br> Обклеювання торців деталей з кутами, відмінними від 90 градусів, радіусами або Г-подібними зарізами ПВХ-крайкою.<br> <strong>Обмеження:</strong><br> Мінімальний радіус: 10 мм для крайки 0,4-0,8 мм, 70 мм для крайки від 1 мм. Для обклеювання без радіуса необхідна оброб"
68980,46f86c74-8336-4917-b523-eea119d7a626,"Крайкування кутів, радіусів мінім. білим клеєм (до 200мм)",viyar-services/pokleyka_krivolineynaya,edgebanding,https://viyar.ua/ua/catalog/kromkovanie_uglov_radiusov_minim_belym_kleem_do_200mm/,111.96,True,True,33,513,parsed,parsed,2,2,same_article_same_name_same_price,same_article_same_name_same_price,identical,1,"Опис <strong>Опис:</strong><br> Обклеювання торців деталей з кутами, відмінними від 90 градусів, радіусами або Г-подібними зарізами ПВХ-крайкою.<br> <strong>Обмеження:</strong><br> Мінімальний радіус: 10 мм для крайки 0,4-0,8 мм, 70 мм для крайки від 1 мм. Для обклеювання без радіуса необхідна оброб"
68981,2df334cf-c431-45ac-b735-41d0c47ea9f4,"Крайкування кутів, радіусів мінім. (до 200 мм) (плит вис. глянцю та глиб. текстури)",viyar-services/pokleyka_krivolineynaya,edgebanding,https://viyar.ua/ua/catalog/kromkovanie_uglov_radiusov_minim_do_200mm_plit_vys_glyantsa_i_glub_tekst_/,138.96,True,True,33,513,parsed,parsed,2,1,same_article_same_name_same_price,same_article_same_name_same_price,identical,1,"Опис <strong>Опис:</strong><br> Обклеювання торців деталей з кутами, відмінними від 90 градусів, радіусами або Г-подібними зарізами ПВХ-крайкою.<br> <strong>Обмеження:</strong><br> Мінімальний радіус: 10 мм для крайки 0,4-0,8 мм, 70 мм для крайки від 1 мм. Для обклеювання без радіуса необхідна оброб"
68981,09f29d6e-6abb-43c6-b101-73bc1b9e3ae8,"Крайкування кутів, радіусів мінім. (до 200 мм) (плит вис. глянцю та глиб. текстури)",viyar-services/pokleyka_krivolineynaya,edgebanding,https://viyar.ua/ua/catalog/kromkovanie_uglov_radiusov_minim_do_200mm_plit_vys_glyantsa_i_glub_tekst_/,138.96,True,True,33,513,parsed,parsed,2,2,same_article_same_name_same_price,same_article_same_name_same_price,identical,1,"Опис <strong>Опис:</strong><br> Обклеювання торців деталей з кутами, відмінними від 90 градусів, радіусами або Г-подібними зарізами ПВХ-крайкою.<br> <strong>Обмеження:</strong><br> Мінімальний радіус: 10 мм для крайки 0,4-0,8 мм, 70 мм для крайки від 1 мм. Для обклеювання без радіуса необхідна оброб"
68982,3eb45f62-8d23-4840-8a7b-3cfc6ef75cac,"Крайкування кутів, радіусів мінім. білим клеєм (до 200 мм) (плит вис. глянцю та глиб. текстури)",viyar-services/pokleyka_krivolineynaya,edgebanding,https://viyar.ua/ua/catalog/kromkovanie_uglov_radiusov_minim_belym_kleem_do_200mm_plit_vys_glyantsa_i_glub_tekst_/,138.96,True,True,33,513,parsed,parsed,2,1,same_article_same_name_same_price,same_article_same_name_same_price,identical,1,"Опис <strong>Опис:</strong><br> Обклеювання торців деталей з кутами, відмінними від 90 градусів, радіусами або Г-подібними зарізами ПВХ-крайкою.<br> <strong>Обмеження:</strong><br> Мінімальний радіус: 10 мм для крайки 0,4-0,8 мм, 70 мм для крайки від 1 мм. Для обклеювання без радіуса необхідна оброб"
68982,b13e969f-8383-44cb-a56f-ef61b7f257e5,"Крайкування кутів, радіусів мінім. білим клеєм (до 200 мм) (плит вис. глянцю та глиб. текстури)",viyar-services/pokleyka_krivolineynaya,edgebanding,https://viyar.ua/ua/catalog/kromkovanie_uglov_radiusov_minim_belym_kleem_do_200mm_plit_vys_glyantsa_i_glub_tekst_/,138.96,True,True,33,513,parsed,parsed,2,2,same_article_same_name_same_price,same_article_same_name_same_price,identical,1,"Опис <strong>Опис:</strong><br> Обклеювання торців деталей з кутами, відмінними від 90 градусів, радіусами або Г-подібними зарізами ПВХ-крайкою.<br> <strong>Обмеження:</strong><br> Мінімальний радіус: 10 мм для крайки 0,4-0,8 мм, 70 мм для крайки від 1 мм. Для обклеювання без радіуса необхідна оброб"
68983,3f149c5d-174a-42cd-8671-f9332f670317,"Крайкування кутів, радіусів стяжок мінім. (до 200мм)",viyar-services/pokleyka_krivolineynaya,edgebanding,https://viyar.ua/ua/catalog/kromkovanie_uglov_radiusov_styazhek_minim_do_200mm/,145.98,True,True,33,0,no_full_description,no_full_description,2,1,same_article_same_name_same_price,same_article_same_name_same_price,identical,1,
68983,f59ddf5c-5d00-4ec6-a1a9-7678cde2012e,"Крайкування кутів, радіусів стяжок мінім. (до 200мм)",viyar-services/pokleyka_krivolineynaya,edgebanding,https://viyar.ua/ua/catalog/kromkovanie_uglov_radiusov_styazhek_minim_do_200mm/,145.98,True,True,33,0,no_full_description,no_full_description,2,2,same_article_same_name_same_price,same_article_same_name_same_price,identical,1,
68984,b4530033-2ab5-4778-97a1-b789d6ff56d1,"Крайкування кутів, радіусів стяжок мінім. білим клеєм (до 200мм)",viyar-services/pokleyka_krivolineynaya,edgebanding,https://viyar.ua/ua/catalog/kromkovanie_uglov_radiusov_styazhek_minim_belym_kleem_do_200mm/,145.98,True,True,33,0,no_full_description,no_full_description,2,1,same_article_same_name_same_price,same_article_same_name_same_price,identical,1,
68984,bf1048cc-2ebb-449f-bd14-794e47411cd7,"Крайкування кутів, радіусів стяжок мінім. білим клеєм (до 200мм)",viyar-services/pokleyka_krivolineynaya,edgebanding,https://viyar.ua/ua/catalog/kromkovanie_uglov_radiusov_styazhek_minim_belym_kleem_do_200mm/,145.98,True,True,33,0,no_full_description,no_full_description,2,2,same_article_same_name_same_price,same_article_same_name_same_price,identical,1,
68985,7f233aa3-061a-4934-8884-a63a8157c983,"Крайкування кутів, радіусів, стяжок мінім. (до 200 мм) (плит вис. глянцю та глиб. текстури)",viyar-services/pokleyka_krivolineynaya,edgebanding,https://viyar.ua/ua/catalog/kromkovanie_uglov_radiusov_styazhek_minim_do_200mm_plit_vys_glyantsa_i_glub_tekst_/,151.98,True,True,33,0,no_full_description,no_full_description,2,1,same_article_same_name_same_price,same_article_same_name_same_price,identical,1,
68985,c11917d6-4f39-457f-b11c-d7331de45625,"Крайкування кутів, радіусів, стяжок мінім. (до 200 мм) (плит вис. глянцю та глиб. текстури)",viyar-services/pokleyka_krivolineynaya,edgebanding,https://viyar.ua/ua/catalog/kromkovanie_uglov_radiusov_styazhek_minim_do_200mm_plit_vys_glyantsa_i_glub_tekst_/,151.98,True,True,33,0,no_full_description,no_full_description,2,2,same_article_same_name_same_price,same_article_same_name_same_price,identical,1,
68986,23c32048-07fc-437a-bd66-d833374584b6,"Крайкування кутів, радіусів, стяжок мінім. білим клеєм (до 200 мм) (плит вис. глянцю та глиб. тексту",viyar-services/pokleyka_krivolineynaya,edgebanding,https://viyar.ua/ua/catalog/kromkovanie_uglov_radiusov_styazhek_minim_belym_kleem_do_200mm_plit_vys_glyantsa_i_glub_tekst_/,174.0,True,True,33,0,no_full_description,no_full_description,2,1,same_article_same_name_same_price,same_article_same_name_same_price,identical,1,
68986,0b0d0c17-7cdd-4930-97dc-a5e64d788f69,"Крайкування кутів, радіусів, стяжок мінім. білим клеєм (до 200 мм) (плит вис. глянцю та глиб. тексту",viyar-services/pokleyka_krivolineynaya,edgebanding,https://viyar.ua/ua/catalog/kromkovanie_uglov_radiusov_styazhek_minim_belym_kleem_do_200mm_plit_vys_glyantsa_i_glub_tekst_/,174.0,True,True,33,0,no_full_description,no_full_description,2,2,same_article_same_name_same_price,same_article_same_name_same_price,identical,1,
68987,5b7245bb-00c5-4d13-a88d-0d246f114b8d,"Крайкування кутів, радіусів стільниць мінім. (до 200мм)",viyar-services/pokleyka_krivolineynaya,edgebanding,https://viyar.ua/ua/catalog/kromkovanie_uglov_radiusov_stoleshnits_minim_do_200mm/,211.98,True,True,33,0,no_full_description,no_full_description,2,1,same_article_same_name_same_price,same_article_same_name_same_price,identical,1,
68987,ad4d6292-94c9-4cee-a84e-e32f8b54501f,"Крайкування кутів, радіусів стільниць мінім. (до 200мм)",viyar-services/pokleyka_krivolineynaya,edgebanding,https://viyar.ua/ua/catalog/kromkovanie_uglov_radiusov_stoleshnits_minim_do_200mm/,211.98,True,True,33,0,no_full_description,no_full_description,2,2,same_article_same_name_same_price,same_article_same_name_same_price,identical,1,
68988,9670e9c2-421d-4cc6-b0c5-943c3e9ff948,"Крайкування кутів, радіусів стільниць мінім. білим клеєм (до 200мм)",viyar-services/pokleyka_krivolineynaya,edgebanding,https://viyar.ua/ua/catalog/kromkovanie_uglov_radiusov_stoleshnits_minim_belym_kleem_do_200mm/,211.98,True,True,33,0,no_full_description,no_full_description,2,1,same_article_same_name_same_price,same_article_same_name_same_price,identical,1,
68988,2b06c1a6-b01a-4378-96be-6a5649580aa5,"Крайкування кутів, радіусів стільниць мінім. білим клеєм (до 200мм)",viyar-services/pokleyka_krivolineynaya,edgebanding,https://viyar.ua/ua/catalog/kromkovanie_uglov_radiusov_stoleshnits_minim_belym_kleem_do_200mm/,211.98,True,True,33,0,no_full_description,no_full_description,2,2,same_article_same_name_same_price,same_article_same_name_same_price,identical,1,
68989,8a03ce7f-7a30-45fc-8804-a04e4d56dd86,"Крайкування кутів, радіусів пластиком мінім. (до 200мм)",viyar-services/pokleyka_krivolineynaya,edgebanding,https://viyar.ua/ua/catalog/kromkovanie_uglov_radiusov_plastikom_minim_do_200mm/,424.98,True,True,33,480,parsed,parsed,2,1,same_article_same_name_same_price,same_article_same_name_same_price,identical,1,"Опис <strong>Опис:</strong><br> Обклеювання торців деталей з кутами, відмінними від 90 градусів, радіусами або Г-подібними зарізами пластиковою крайкою.<br> <strong>Обмеження:</strong><br> Мінімальний радіус: 60 мм для крайки 0,4-0,8 мм, 70 мм для крайки від 1 мм. Для обклеювання без радіуса необхід"
68989,f5b6b994-59e0-405d-9c2e-416a3f85bf07,"Крайкування кутів, радіусів пластиком мінім. (до 200мм)",viyar-services/pokleyka_krivolineynaya,edgebanding,https://viyar.ua/ua/catalog/kromkovanie_uglov_radiusov_plastikom_minim_do_200mm/,424.98,True,True,33,480,parsed,parsed,2,2,same_article_same_name_same_price,same_article_same_name_same_price,identical,1,"Опис <strong>Опис:</strong><br> Обклеювання торців деталей з кутами, відмінними від 90 градусів, радіусами або Г-подібними зарізами пластиковою крайкою.<br> <strong>Обмеження:</strong><br> Мінімальний радіус: 60 мм для крайки 0,4-0,8 мм, 70 мм для крайки від 1 мм. Для обклеювання без радіуса необхід"
68990,8e45b770-91de-44c4-850d-4ef0ed308789,"Крайкування кутів, радіусів пластиком мінім. білим клеєм (до 200мм)",viyar-services/pokleyka_krivolineynaya,edgebanding,https://viyar.ua/ua/catalog/kromkovanie_uglov_radiusov_plastikom_minim_belym_kleem_do_200mm/,424.98,True,True,33,480,parsed,parsed,2,1,same_article_same_name_same_price,same_article_same_name_same_price,identical,1,"Опис <strong>Опис:</strong><br> Обклеювання торців деталей з кутами, відмінними від 90 градусів, радіусами або Г-подібними зарізами пластиковою крайкою.<br> <strong>Обмеження:</strong><br> Мінімальний радіус: 60 мм для крайки 0,4-0,8 мм, 70 мм для крайки від 1 мм. Для обклеювання без радіуса необхід"
68990,f0d9cac3-68d7-4cc8-b38e-f7175ac39e3c,"Крайкування кутів, радіусів пластиком мінім. білим клеєм (до 200мм)",viyar-services/pokleyka_krivolineynaya,edgebanding,https://viyar.ua/ua/catalog/kromkovanie_uglov_radiusov_plastikom_minim_belym_kleem_do_200mm/,424.98,True,True,33,480,parsed,parsed,2,2,same_article_same_name_same_price,same_article_same_name_same_price,identical,1,"Опис <strong>Опис:</strong><br> Обклеювання торців деталей з кутами, відмінними від 90 градусів, радіусами або Г-подібними зарізами пластиковою крайкою.<br> <strong>Обмеження:</strong><br> Мінімальний радіус: 60 мм для крайки 0,4-0,8 мм, 70 мм для крайки від 1 мм. Для обклеювання без радіуса необхід"
84482,bf03857e-eb7d-4f6d-9e02-1bdc43baedb9,"Крайкування кутів, радіусів пластиком",viyar-services/pokleyka_krivolineynaya,edgebanding,https://viyar.ua/ua/catalog/kromkovanie_plastikom_ugol_rad_bez_stoimosti_materiala/,424.98,True,True,33,480,parsed,parsed,2,1,same_article_same_name_same_price,same_article_same_name_same_price,identical,1,"Опис <strong>Опис:</strong><br> Обклеювання торців деталей з кутами, відмінними від 90 градусів, радіусами або Г-подібними зарізами пластиковою крайкою.<br> <strong>Обмеження:</strong><br> Мінімальний радіус: 60 мм для крайки 0,4-0,8 мм, 70 мм для крайки від 1 мм. Для обклеювання без радіуса необхід"
84482,b8f97b8a-9f72-4686-85ef-b6d81d05b89f,"Крайкування кутів, радіусів пластиком",viyar-services/pokleyka_krivolineynaya,edgebanding,https://viyar.ua/ua/catalog/kromkovanie_plastikom_ugol_rad_bez_stoimosti_materiala/,424.98,True,True,33,480,parsed,parsed,2,2,same_article_same_name_same_price,same_article_same_name_same_price,identical,1,"Опис <strong>Опис:</strong><br> Обклеювання торців деталей з кутами, відмінними від 90 градусів, радіусами або Г-подібними зарізами пластиковою крайкою.<br> <strong>Обмеження:</strong><br> Мінімальний радіус: 60 мм для крайки 0,4-0,8 мм, 70 мм для крайки від 1 мм. Для обклеювання без радіуса необхід"
86207,9d8763eb-394b-47df-b845-9e4ed0c3da61,Торцеве фрезерування складне,viyar-services/frezerovka,milling,https://viyar.ua/ua/catalog/slozhnaya_tortsevaya_frezerovka/,325.98,True,True,236,140,parsed,parsed,2,1,same_article_same_name_same_price,same_article_same_name_same_price,identical,1,Опис Опис: Складне фрезерування торців деталей. Обмеження: Відповідність до складних параметрів замовлення. Обладнання: Обробний центр з ЧПК
86207,19c0328c-1ed3-4354-9139-c452a17dcf3b,Торцеве фрезерування складне,viyar-services/frezerovka,milling,https://viyar.ua/ua/catalog/slozhnaya_tortsevaya_frezerovka/,325.98,True,True,236,140,parsed,parsed,2,2,same_article_same_name_same_price,same_article_same_name_same_price,identical,1,Опис Опис: Складне фрезерування торців деталей. Обмеження: Відповідність до складних параметрів замовлення. Обладнання: Обробний центр з ЧПК
98031,1fe88f19-cd44-4b07-a62b-ac81e749a7d2,Складний фрезерний різ мінімальний (довжина до 450мм) (товщина від 28мм),viyar-services/frezerovka,milling,https://viyar.ua/ua/catalog/slozhnyy-frezernyy-rez-minimalnyy-dlina-do-450mm-tolshchina-ot-28mm/,102.96,True,True,236,210,parsed,parsed,2,1,same_article_same_name_same_price,same_article_same_name_same_price,identical,1,Опис Опис: Фрезерування складних форм для матеріалів товщиною від 28 мм з довжиною до 450 мм. Обмеження: Мінімальні розміри аналогічні до стандартного складного фрезерного різу. Обладнання: Обробний центр з ЧПК
98031,2de2e14f-68c2-4bb2-b988-73ebda860313,Складний фрезерний різ мінімальний (довжина до 450мм) (товщина від 28мм),viyar-services/frezerovka,milling,https://viyar.ua/ua/catalog/slozhnyy-frezernyy-rez-minimalnyy-dlina-do-450mm-tolshchina-ot-28mm/,102.96,True,True,236,210,parsed,parsed,2,2,same_article_same_name_same_price,same_article_same_name_same_price,identical,1,Опис Опис: Фрезерування складних форм для матеріалів товщиною від 28 мм з довжиною до 450 мм. Обмеження: Мінімальні розміри аналогічні до стандартного складного фрезерного різу. Обладнання: Обробний центр з ЧПК
120504,6b7f4657-89c4-49d6-ba70-bf72a43658c5,Складний фрезерний різ в РС,viyar-services/frezerovka,milling,https://viyar.ua/ua/catalog/slozhnyy-frezernyy-rez-v-rs/,60.0,True,True,236,0,no_full_description,no_full_description,2,1,same_article_same_name_same_price,same_article_same_name_same_price,identical,1,
120504,0f74acc4-9d48-4b04-94a0-d3d06acf18c8,Складний фрезерний різ в РС,viyar-services/frezerovka,milling,https://viyar.ua/ua/catalog/slozhnyy-frezernyy-rez-v-rs/,60.0,True,True,236,0,no_full_description,no_full_description,2,2,same_article_same_name_same_price,same_article_same_name_same_price,identical,1,
122424,c9f9ea12-2626-4ea7-a5fd-e8816f2d2f5d,"Крайкування ручне вирізів, вікон ПУР",viyar-services/pokleyka_krivolineynaya,edgebanding,https://viyar.ua/ua/catalog/kromkovanie_ruchnoe_vyrezov_okon_pur/,345.96,True,True,33,438,parsed,parsed,2,1,same_article_same_name_same_price,same_article_same_name_same_price,identical,1,"Опис Опис: Обклеювання крайкою зрізів деталей з П-подібними зарізами і вирізами (вікнами). Обмеження: Периметр вирізу більше 1 м.п. Мінімальний розмір прямокутного вирізу – 200×200 мм, круглого – d = 200 мм, ширина для П-подібного вирізу – не менше 200 мм. Для тонкої крайки радіус внутрішніх кутів –"
122424,9233be34-8e9e-4e2c-9d9e-9398cfb33763,"Крайкування ручне вирізів, вікон ПУР",viyar-services/pokleyka_krivolineynaya,edgebanding,https://viyar.ua/ua/catalog/kromkovanie_ruchnoe_vyrezov_okon_pur/,345.96,True,True,33,438,parsed,parsed,2,2,same_article_same_name_same_price,same_article_same_name_same_price,identical,1,"Опис Опис: Обклеювання крайкою зрізів деталей з П-подібними зарізами і вирізами (вікнами). Обмеження: Периметр вирізу більше 1 м.п. Мінімальний розмір прямокутного вирізу – 200×200 мм, круглого – d = 200 мм, ширина для П-подібного вирізу – не менше 200 мм. Для тонкої крайки радіус внутрішніх кутів –"
122425,aa692b94-d5ba-43ff-bc87-a6ecb9b6db2e,"Крайкування ручне вирізів, вікон ПУР (плит ВГ і ГТ)",viyar-services/pokleyka_krivolineynaya,edgebanding,https://viyar.ua/ua/catalog/kromkovanie_ruchnoe_vyrezov_okon_pur_plit_vg_i_gt/,405.96,True,True,33,354,parsed,parsed,2,1,same_article_same_name_same_price,same_article_same_name_same_price,identical,1,"Опис Опис: Обклеювання крайкою зрізів деталей з П-подібними зарізами і вирізами (вікнами). Обмеження: Периметр вирізу більше 1 м.п. Мінімальний розмір: прямокутне вікно – 200×200 мм, кругле – d = 200 мм. Ширина для П-подібного вирізу – не менше 200 мм. Вирізи у вигляді вікон обклеюються тільки тонко"
122425,2111ba1c-aa88-43f5-89a9-92de965396cd,"Крайкування ручне вирізів, вікон ПУР (плит ВГ і ГТ)",viyar-services/pokleyka_krivolineynaya,edgebanding,https://viyar.ua/ua/catalog/kromkovanie_ruchnoe_vyrezov_okon_pur_plit_vg_i_gt/,405.96,True,True,33,354,parsed,parsed,2,2,same_article_same_name_same_price,same_article_same_name_same_price,identical,1,"Опис Опис: Обклеювання крайкою зрізів деталей з П-подібними зарізами і вирізами (вікнами). Обмеження: Периметр вирізу більше 1 м.п. Мінімальний розмір: прямокутне вікно – 200×200 мм, кругле – d = 200 мм. Ширина для П-подібного вирізу – не менше 200 мм. Вирізи у вигляді вікон обклеюються тільки тонко"
122426,37db0d82-4235-486a-befa-899ed948dad7,"Крайкування ручне вирізів, вікон ПУР білим клеєм",viyar-services/pokleyka_krivolineynaya,edgebanding,https://viyar.ua/ua/catalog/kromkovanie_ruchnoe_vyrezov_okon_pur_belym/,345.96,True,True,33,382,parsed,parsed,2,1,same_article_same_name_same_price,same_article_same_name_same_price,identical,1,"Опис Опис: Обклеювання крайкою зрізів деталей з П-подібними зарізами і вирізами (вікнами) з використанням білого клею. Обмеження: Периметр вирізу більше 1 м.п. Мінімальний розмір: прямокутне вікно – 200×200 мм, кругле – d = 200 мм. Ширина для П-подібного вирізу – не менше 200 мм. Вирізи у вигляді ві"
122426,1f247fa1-f47b-47ee-a828-b8048ff3ac14,"Крайкування ручне вирізів, вікон ПУР білим клеєм",viyar-services/pokleyka_krivolineynaya,edgebanding,https://viyar.ua/ua/catalog/kromkovanie_ruchnoe_vyrezov_okon_pur_belym/,345.96,True,True,33,382,parsed,parsed,2,2,same_article_same_name_same_price,same_article_same_name_same_price,identical,1,"Опис Опис: Обклеювання крайкою зрізів деталей з П-подібними зарізами і вирізами (вікнами) з використанням білого клею. Обмеження: Периметр вирізу більше 1 м.п. Мінімальний розмір: прямокутне вікно – 200×200 мм, кругле – d = 200 мм. Ширина для П-подібного вирізу – не менше 200 мм. Вирізи у вигляді ві"
122427,ec80f882-d7af-4a91-b8bb-fbf985d7288e,"Крайкування ручне вирізів, вікон ПУР білим клеєм (плит ВГ і ГТ)",viyar-services/pokleyka_krivolineynaya,edgebanding,https://viyar.ua/ua/catalog/kromkovanie_ruchnoe_vyrezov_okon_pur_belym_plit_vg_i_gt/,405.96,True,True,33,355,parsed,parsed,2,1,same_article_same_name_same_price,same_article_same_name_same_price,identical,1,"Опис Опис: Обклеювання крайкою зрізів деталей з плит ВГ та ГТ із використанням білого клею. Обмеження: Периметр вирізу більше 1 м.п. Мінімальний розмір: прямокутне вікно – 200×200 мм, кругле – d = 200 мм. Ширина для П-подібного вирізу – не менше 200 мм. Вирізи у вигляді вікон обклеюються тільки тонк"
122427,8a2ac5f9-17d5-4bd9-a7cc-0923f75c3d31,"Крайкування ручне вирізів, вікон ПУР білим клеєм (плит ВГ і ГТ)",viyar-services/pokleyka_krivolineynaya,edgebanding,https://viyar.ua/ua/catalog/kromkovanie_ruchnoe_vyrezov_okon_pur_belym_plit_vg_i_gt/,405.96,True,True,33,355,parsed,parsed,2,2,same_article_same_name_same_price,same_article_same_name_same_price,identical,1,"Опис Опис: Обклеювання крайкою зрізів деталей з плит ВГ та ГТ із використанням білого клею. Обмеження: Периметр вирізу більше 1 м.п. Мінімальний розмір: прямокутне вікно – 200×200 мм, кругле – d = 200 мм. Ширина для П-подібного вирізу – не менше 200 мм. Вирізи у вигляді вікон обклеюються тільки тонк"
122428,771816c6-cac0-4225-846c-8c68f6c064d9,"Крайкування ручне вирізів, вікон стяжок ПУР",viyar-services/pokleyka_krivolineynaya,edgebanding,https://viyar.ua/ua/catalog/kromkovanie_ruchnoe_vyrezov_okon_styazhek_pur/,516.0,True,True,33,684,parsed,parsed,2,1,same_article_same_name_same_price,same_article_same_name_same_price,identical,1,"Опис Опис: Обклеювання крайкою зрізів стяжок (з'єднання 2-3 плит) з П-подібними зарізами і вирізами (вікнами). Обмеження: Периметр вирізу менше 1 м.п. Мінімальний розмір П-подібного вирізу: 200×10 мм для крайки товщиною ≤ 0,8 мм, 200×50 мм для крайки ≥ 1 мм. Мінімальний радіус для крайки ≤ 0,8 мм – "
122428,78e51cf4-3826-417c-a095-285c139864fb,"Крайкування ручне вирізів, вікон стяжок ПУР",viyar-services/pokleyka_krivolineynaya,edgebanding,https://viyar.ua/ua/catalog/kromkovanie_ruchnoe_vyrezov_okon_styazhek_pur/,516.0,True,True,33,684,parsed,parsed,2,2,same_article_same_name_same_price,same_article_same_name_same_price,identical,1,"Опис Опис: Обклеювання крайкою зрізів стяжок (з'єднання 2-3 плит) з П-подібними зарізами і вирізами (вікнами). Обмеження: Периметр вирізу менше 1 м.п. Мінімальний розмір П-подібного вирізу: 200×10 мм для крайки товщиною ≤ 0,8 мм, 200×50 мм для крайки ≥ 1 мм. Мінімальний радіус для крайки ≤ 0,8 мм – "
122429,ec3b4588-4510-4e68-847a-3358a6957b85,"Крайкування ручне вирізів, вікон стяжок ПУР (плит ВГ і ГТ)",viyar-services/pokleyka_krivolineynaya,edgebanding,https://viyar.ua/ua/catalog/kromkovanie_ruchnoe_vyrezov_okon_styazhek_pur_plit_vg_i_gt/,636.0,True,True,33,674,parsed,parsed,2,1,same_article_same_name_same_price,same_article_same_name_same_price,identical,1,"Опис Опис: Обклеювання крайкою зрізів стяжок (з'єднання 2-3 плит) з П-подібними зарізами і вирізами. Обмеження: Периметр вирізу менше 1 м.п. Мінімальний розмір П-подібного вирізу: 200×10 мм для крайки товщиною ≤ 0,8 мм, 200×50 мм для крайки ≥ 1 мм. Мінімальний радіус для крайки ≤ 0,8 мм – 80 мм. Вну"
122429,09bfb9f4-ea77-4c71-a600-2f83c85067a7,"Крайкування ручне вирізів, вікон стяжок ПУР (плит ВГ і ГТ)",viyar-services/pokleyka_krivolineynaya,edgebanding,https://viyar.ua/ua/catalog/kromkovanie_ruchnoe_vyrezov_okon_styazhek_pur_plit_vg_i_gt/,636.0,True,True,33,674,parsed,parsed,2,2,same_article_same_name_same_price,same_article_same_name_same_price,identical,1,"Опис Опис: Обклеювання крайкою зрізів стяжок (з'єднання 2-3 плит) з П-подібними зарізами і вирізами. Обмеження: Периметр вирізу менше 1 м.п. Мінімальний розмір П-подібного вирізу: 200×10 мм для крайки товщиною ≤ 0,8 мм, 200×50 мм для крайки ≥ 1 мм. Мінімальний радіус для крайки ≤ 0,8 мм – 80 мм. Вну"
122430,11970c2a-ebf6-45d6-a30a-55f45da32a80,"Крайкування ручне вирізів, вікон стяжок ПУР білим клеєм",viyar-services/pokleyka_krivolineynaya,edgebanding,https://viyar.ua/ua/catalog/kromkovanie_ruchnoe_vyrezov_okon_styazhek_pur_belym/,516.0,True,True,33,674,parsed,parsed,3,1,same_article_same_name_same_price,same_article_same_name_same_price,identical,1,"Опис Опис: Обклеювання крайкою зрізів стяжок (з'єднання 2-3 плит) з П-подібними зарізами і вирізами. Обмеження: Периметр вирізу менше 1 м.п. Мінімальний розмір П-подібного вирізу: 200×10 мм для крайки товщиною ≤ 0,8 мм, 200×50 мм для крайки ≥ 1 мм. Мінімальний радіус для крайки ≤ 0,8 мм – 80 мм. Вну"
122430,eb264a2a-2c70-43a4-bfe1-f799307b810b,"Крайкування ручне вирізів, вікон стяжок ПУР білим клеєм",viyar-services/pokleyka_krivolineynaya,edgebanding,https://viyar.ua/ua/catalog/kromkovanie_ruchnoe_vyrezov_okon_styazhek_pur_belym/,516.0,True,True,33,674,parsed,parsed,3,2,same_article_same_name_same_price,same_article_same_name_same_price,identical,1,"Опис Опис: Обклеювання крайкою зрізів стяжок (з'єднання 2-3 плит) з П-подібними зарізами і вирізами. Обмеження: Периметр вирізу менше 1 м.п. Мінімальний розмір П-подібного вирізу: 200×10 мм для крайки товщиною ≤ 0,8 мм, 200×50 мм для крайки ≥ 1 мм. Мінімальний радіус для крайки ≤ 0,8 мм – 80 мм. Вну"
122430,09aa0ad4-2f3d-44a0-90f0-00c5c348cf1f,"Крайкування ручне вирізів, вікон стяжок ПУР білим клеєм",viyar-services/pokleyka_krivolineynaya,edgebanding,https://viyar.ua/ua/catalog/kromkovanie_ruchnoe_vyrezov_okon_styazhek_pur_belym/,516.0,True,True,33,674,parsed,parsed,3,3,same_article_same_name_same_price,same_article_same_name_same_price,identical,1,"Опис Опис: Обклеювання крайкою зрізів стяжок (з'єднання 2-3 плит) з П-подібними зарізами і вирізами. Обмеження: Периметр вирізу менше 1 м.п. Мінімальний розмір П-подібного вирізу: 200×10 мм для крайки товщиною ≤ 0,8 мм, 200×50 мм для крайки ≥ 1 мм. Мінімальний радіус для крайки ≤ 0,8 мм – 80 мм. Вну"
122431,adcc9ecd-1048-4062-b0f5-f0fd38dec049,"Крайкування ручне вирізів, вікон стяжок ПУР білим клеєм(плит ВГ і ГТ)",viyar-services/pokleyka_krivolineynaya,edgebanding,https://viyar.ua/ua/catalog/kromkovanie_ruchnoe_vyrezov_okon_styazhek_pur_belym_plit_vg_i_gt/,636.0,True,True,33,674,parsed,parsed,2,1,same_article_same_name_same_price,same_article_same_name_same_price,identical,1,"Опис Опис: Обклеювання крайкою зрізів стяжок (з'єднання 2-3 плит) з П-подібними зарізами і вирізами. Обмеження: Периметр вирізу менше 1 м.п. Мінімальний розмір П-подібного вирізу: 200×10 мм для крайки товщиною ≤ 0,8 мм, 200×50 мм для крайки ≥ 1 мм. Мінімальний радіус для крайки ≤ 0,8 мм – 80 мм. Вну"
122431,01466416-01c9-4931-b039-78b1f2db498d,"Крайкування ручне вирізів, вікон стяжок ПУР білим клеєм(плит ВГ і ГТ)",viyar-services/pokleyka_krivolineynaya,edgebanding,https://viyar.ua/ua/catalog/kromkovanie_ruchnoe_vyrezov_okon_styazhek_pur_belym_plit_vg_i_gt/,636.0,True,True,33,674,parsed,parsed,2,2,same_article_same_name_same_price,same_article_same_name_same_price,identical,1,"Опис Опис: Обклеювання крайкою зрізів стяжок (з'єднання 2-3 плит) з П-подібними зарізами і вирізами. Обмеження: Периметр вирізу менше 1 м.п. Мінімальний розмір П-подібного вирізу: 200×10 мм для крайки товщиною ≤ 0,8 мм, 200×50 мм для крайки ≥ 1 мм. Мінімальний радіус для крайки ≤ 0,8 мм – 80 мм. Вну"
122432,54225947-f4ba-400e-ba62-71e30b02e250,"Крайкування кутів, радіусів ПУР",viyar-services/pokleyka_krivolineynaya,edgebanding,https://viyar.ua/ua/catalog/kromkovanie_uglov_radiusov_pur/,151.98,True,True,33,480,parsed,parsed,2,1,same_article_same_name_same_price,same_article_same_name_same_price,identical,1,"Опис <strong>Опис:</strong><br> Обклеювання торців деталей з кутами, відмінними від 90 градусів, радіусами або Г-подібними зарізами пластиковою крайкою.<br> <strong>Обмеження:</strong><br> Мінімальний радіус: 60 мм для крайки 0,4-0,8 мм, 70 мм для крайки від 1 мм. Для обклеювання без радіуса необхід"
122432,9712cf20-ed9f-4c39-944e-5ebcba63cc4c,"Крайкування кутів, радіусів ПУР",viyar-services/pokleyka_krivolineynaya,edgebanding,https://viyar.ua/ua/catalog/kromkovanie_uglov_radiusov_pur/,151.98,True,True,33,480,parsed,parsed,2,2,same_article_same_name_same_price,same_article_same_name_same_price,identical,1,"Опис <strong>Опис:</strong><br> Обклеювання торців деталей з кутами, відмінними від 90 градусів, радіусами або Г-подібними зарізами пластиковою крайкою.<br> <strong>Обмеження:</strong><br> Мінімальний радіус: 60 мм для крайки 0,4-0,8 мм, 70 мм для крайки від 1 мм. Для обклеювання без радіуса необхід"
122433,4b72f9a1-2834-4992-b457-ccc55556038c,"Крайкування кутів, радіусів ПУР (плит ВГ і ГТ)",viyar-services/pokleyka_krivolineynaya,edgebanding,https://viyar.ua/ua/catalog/kromkovanie_uglov_radiusov_pur_plit_vg_i_gt/,192.0,True,True,33,0,no_full_description,no_full_description,2,1,same_article_same_name_same_price,same_article_same_name_same_price,identical,1,
122433,f6e0f704-0f01-4dfa-b4c3-d4a7c25702e6,"Крайкування кутів, радіусів ПУР (плит ВГ і ГТ)",viyar-services/pokleyka_krivolineynaya,edgebanding,https://viyar.ua/ua/catalog/kromkovanie_uglov_radiusov_pur_plit_vg_i_gt/,192.0,True,True,33,0,no_full_description,no_full_description,2,2,same_article_same_name_same_price,same_article_same_name_same_price,identical,1,
122434,898d2d09-1504-4d19-91e9-87b6d0d00996,"Крайкування кутів, радіусів ПУР білим",viyar-services/pokleyka_krivolineynaya,edgebanding,https://viyar.ua/ua/catalog/kromkovanie_uglov_radiusov_pur_belym/,151.98,True,True,33,0,no_full_description,no_full_description,2,1,same_article_same_name_same_price,same_article_same_name_same_price,identical,1,
122434,0250061c-370c-46fb-b79d-871bce035544,"Крайкування кутів, радіусів ПУР білим",viyar-services/pokleyka_krivolineynaya,edgebanding,https://viyar.ua/ua/catalog/kromkovanie_uglov_radiusov_pur_belym/,151.98,True,True,33,0,no_full_description,no_full_description,2,2,same_article_same_name_same_price,same_article_same_name_same_price,identical,1,
122435,ffd5647a-6170-4da9-b17a-ef18bcf786eb,"Крайкування кутів, радіусів ПУР білим (плит ВГ і ГТ)",viyar-services/pokleyka_krivolineynaya,edgebanding,https://viyar.ua/ua/catalog/kromkovanie_uglov_radiusov_pur_belym_plit_vg_i_gt/,192.0,True,True,33,0,no_full_description,no_full_description,2,1,same_article_same_name_same_price,same_article_same_name_same_price,identical,1,
122435,a51559ff-2666-497d-a3c9-b12a0df9db55,"Крайкування кутів, радіусів ПУР білим (плит ВГ і ГТ)",viyar-services/pokleyka_krivolineynaya,edgebanding,https://viyar.ua/ua/catalog/kromkovanie_uglov_radiusov_pur_belym_plit_vg_i_gt/,192.0,True,True,33,0,no_full_description,no_full_description,2,2,same_article_same_name_same_price,same_article_same_name_same_price,identical,1,
122436,b20fa018-97c5-4ac9-85a3-4b84102a12f1,"Крайкування кутів, радіусів пластиком ПУР",viyar-services/pokleyka_krivolineynaya,edgebanding,https://viyar.ua/ua/catalog/kromkovanie_uglov_radiusov_plastikom_pur/,573.0,True,True,33,480,parsed,parsed,2,1,same_article_same_name_same_price,same_article_same_name_same_price,identical,1,"Опис <strong>Опис:</strong><br> Обклеювання торців деталей з кутами, відмінними від 90 градусів, радіусами або Г-подібними зарізами пластиковою крайкою.<br> <strong>Обмеження:</strong><br> Мінімальний радіус: 60 мм для крайки 0,4-0,8 мм, 70 мм для крайки від 1 мм. Для обклеювання без радіуса необхід"
122436,72e4d729-eb87-4aac-9581-8ba2b49ab4a4,"Крайкування кутів, радіусів пластиком ПУР",viyar-services/pokleyka_krivolineynaya,edgebanding,https://viyar.ua/ua/catalog/kromkovanie_uglov_radiusov_plastikom_pur/,573.0,True,True,33,480,parsed,parsed,2,2,same_article_same_name_same_price,same_article_same_name_same_price,identical,1,"Опис <strong>Опис:</strong><br> Обклеювання торців деталей з кутами, відмінними від 90 градусів, радіусами або Г-подібними зарізами пластиковою крайкою.<br> <strong>Обмеження:</strong><br> Мінімальний радіус: 60 мм для крайки 0,4-0,8 мм, 70 мм для крайки від 1 мм. Для обклеювання без радіуса необхід"
122437,ac305b38-1f7b-40ae-86c0-f0bb97c0ddcd,"Крайкування кутів, радіусів пластиком ПУР білим",viyar-services/pokleyka_krivolineynaya,edgebanding,https://viyar.ua/ua/catalog/kromkovanie_uglov_radiusov_plastikom_pur_belym/,573.0,True,True,33,480,parsed,parsed,2,1,same_article_same_name_same_price,same_article_same_name_same_price,identical,1,"Опис <strong>Опис:</strong><br> Обклеювання торців деталей з кутами, відмінними від 90 градусів, радіусами або Г-подібними зарізами пластиковою крайкою.<br> <strong>Обмеження:</strong><br> Мінімальний радіус: 60 мм для крайки 0,4-0,8 мм, 70 мм для крайки від 1 мм. Для обклеювання без радіуса необхід"
122437,b850a854-2280-4684-b219-37690b1c4b3d,"Крайкування кутів, радіусів пластиком ПУР білим",viyar-services/pokleyka_krivolineynaya,edgebanding,https://viyar.ua/ua/catalog/kromkovanie_uglov_radiusov_plastikom_pur_belym/,573.0,True,True,33,480,parsed,parsed,2,2,same_article_same_name_same_price,same_article_same_name_same_price,identical,1,"Опис <strong>Опис:</strong><br> Обклеювання торців деталей з кутами, відмінними від 90 градусів, радіусами або Г-подібними зарізами пластиковою крайкою.<br> <strong>Обмеження:</strong><br> Мінімальний радіус: 60 мм для крайки 0,4-0,8 мм, 70 мм для крайки від 1 мм. Для обклеювання без радіуса необхід"
122438,988ab35c-89f8-4f99-be93-c48dad2cafc9,"Крайкування кутів, радіусів стільниць ПУР",viyar-services/pokleyka_krivolineynaya,edgebanding,https://viyar.ua/ua/catalog/kromkovanie_uglov_radiusov_stoleshnits_pur/,286.98,True,True,33,0,no_full_description,no_full_description,2,1,same_article_same_name_same_price,same_article_same_name_same_price,identical,1,
122438,099f7ce2-722f-48c2-ab66-83580fb2823b,"Крайкування кутів, радіусів стільниць ПУР",viyar-services/pokleyka_krivolineynaya,edgebanding,https://viyar.ua/ua/catalog/kromkovanie_uglov_radiusov_stoleshnits_pur/,286.98,True,True,33,0,no_full_description,no_full_description,2,2,same_article_same_name_same_price,same_article_same_name_same_price,identical,1,
122439,59149bdb-4cce-4115-ab87-c3d174788596,"Крайкування кутів, радіусів стільниць ПУР білим",viyar-services/pokleyka_krivolineynaya,edgebanding,https://viyar.ua/ua/catalog/kromkovanie_uglov_radiusov_stoleshnits_pur_belym/,286.98,True,True,33,0,no_full_description,no_full_description,2,1,same_article_same_name_same_price,same_article_same_name_same_price,identical,1,
122439,5d6cfc1c-2ad1-4190-97fd-e2a8e364dbb3,"Крайкування кутів, радіусів стільниць ПУР білим",viyar-services/pokleyka_krivolineynaya,edgebanding,https://viyar.ua/ua/catalog/kromkovanie_uglov_radiusov_stoleshnits_pur_belym/,286.98,True,True,33,0,no_full_description,no_full_description,2,2,same_article_same_name_same_price,same_article_same_name_same_price,identical,1,
122440,6d17edb9-7034-4b01-9486-784ec20e15b5,"Крайкування кутів, радіусів стяжок ПУР",viyar-services/pokleyka_krivolineynaya,edgebanding,https://viyar.ua/ua/catalog/kromkovanie_uglov_radiusov_styazhek_pur/,196.98,True,True,33,0,no_full_description,no_full_description,2,1,same_article_same_name_same_price,same_article_same_name_same_price,identical,1,
122440,095a90cb-f6e0-4c77-bf4f-29ca7a503e92,"Крайкування кутів, радіусів стяжок ПУР",viyar-services/pokleyka_krivolineynaya,edgebanding,https://viyar.ua/ua/catalog/kromkovanie_uglov_radiusov_styazhek_pur/,196.98,True,True,33,0,no_full_description,no_full_description,2,2,same_article_same_name_same_price,same_article_same_name_same_price,identical,1,
122441,04772c70-e833-4cec-9056-9f4a0d2e5972,"Крайкування кутів, радіусів стяжок ПУР (плит ВГ і ГТ)",viyar-services/pokleyka_krivolineynaya,edgebanding,https://viyar.ua/ua/catalog/kromkovanie_uglov_radiusov_styazhek_pur_plit_vg_i_gt/,234.96,True,True,33,0,no_full_description,no_full_description,2,1,same_article_same_name_same_price,same_article_same_name_same_price,identical,1,
122441,6daaad0b-9d49-493e-9115-cd0349e5646f,"Крайкування кутів, радіусів стяжок ПУР (плит ВГ і ГТ)",viyar-services/pokleyka_krivolineynaya,edgebanding,https://viyar.ua/ua/catalog/kromkovanie_uglov_radiusov_styazhek_pur_plit_vg_i_gt/,234.96,True,True,33,0,no_full_description,no_full_description,2,2,same_article_same_name_same_price,same_article_same_name_same_price,identical,1,
122442,206dee0c-a4a8-45a5-98cd-19893382fcd5,"Крайкування кутів, радіусів стяжок ПУР білим клеєм",viyar-services/pokleyka_krivolineynaya,edgebanding,https://viyar.ua/ua/catalog/kromkovanie_uglov_radiusov_styazhek_pur_belym/,196.98,True,True,33,0,no_full_description,no_full_description,2,1,same_article_same_name_same_price,same_article_same_name_same_price,identical,1,
122442,71d7a8af-c7e0-4be2-882f-fde7b39f08a8,"Крайкування кутів, радіусів стяжок ПУР білим клеєм",viyar-services/pokleyka_krivolineynaya,edgebanding,https://viyar.ua/ua/catalog/kromkovanie_uglov_radiusov_styazhek_pur_belym/,196.98,True,True,33,0,no_full_description,no_full_description,2,2,same_article_same_name_same_price,same_article_same_name_same_price,identical,1,
122443,bb748e2d-753d-46cd-965c-3891a578a2a6,"Крайкування кутів, радіусів стяжок ПУР білим клеєм(плит ВГ і ГТ)",viyar-services/pokleyka_krivolineynaya,edgebanding,https://viyar.ua/ua/catalog/kromkovanie_uglov_radiusov_styazhek_pur_belym_plit_vg_i_gt/,234.96,True,True,33,0,no_full_description,no_full_description,2,1,same_article_same_name_same_price,same_article_same_name_same_price,identical,1,
122443,1d5b378f-101c-4e4d-9a77-2c2e984655cc,"Крайкування кутів, радіусів стяжок ПУР білим клеєм(плит ВГ і ГТ)",viyar-services/pokleyka_krivolineynaya,edgebanding,https://viyar.ua/ua/catalog/kromkovanie_uglov_radiusov_styazhek_pur_belym_plit_vg_i_gt/,234.96,True,True,33,0,no_full_description,no_full_description,2,2,same_article_same_name_same_price,same_article_same_name_same_price,identical,1,
122444,3a4cb17d-2f74-4174-8752-ed2a1fbf6dba,"Крайкування ручне вирізів, вікон мінім. ПУР",viyar-services/pokleyka_krivolineynaya,edgebanding,https://viyar.ua/ua/catalog/kromkovanie_ruchnoe_vyrezov_okon_minim_pur/,345.96,True,True,33,386,parsed,parsed,2,1,same_article_same_name_same_price,same_article_same_name_same_price,identical,1,"Опис Опис: Обклеювання крайкою зрізів деталей з П-подібними зарізами і вирізами (вікнами). Обмеження: Периметр вирізу до 1 м.п. Максимальний розмір прямокутного вирізу – 200×200 мм, круглого – d = 200 мм. Для тонкої крайки радіус внутрішніх кутів – від 10 мм, для товстої – від 50 мм. Вирізи у вигляд"
122444,9b2289d1-ca7e-452d-bda0-74b4eb0aae43,"Крайкування ручне вирізів, вікон мінім. ПУР",viyar-services/pokleyka_krivolineynaya,edgebanding,https://viyar.ua/ua/catalog/kromkovanie_ruchnoe_vyrezov_okon_minim_pur/,345.96,True,True,33,386,parsed,parsed,2,2,same_article_same_name_same_price,same_article_same_name_same_price,identical,1,"Опис Опис: Обклеювання крайкою зрізів деталей з П-подібними зарізами і вирізами (вікнами). Обмеження: Периметр вирізу до 1 м.п. Максимальний розмір прямокутного вирізу – 200×200 мм, круглого – d = 200 мм. Для тонкої крайки радіус внутрішніх кутів – від 10 мм, для товстої – від 50 мм. Вирізи у вигляд"
122445,d0d541e6-0d0e-4edc-b737-aed2eaa131a7,"Крайкування ручне вирізів, вікон мінім. ПУР (плит ВГ і ГТ)",viyar-services/pokleyka_krivolineynaya,edgebanding,https://viyar.ua/ua/catalog/kromkovanie_ruchnoe_vyrezov_okon_minim_pur_plit_vg_i_gt/,405.96,True,True,33,363,parsed,parsed,2,1,same_article_same_name_same_price,same_article_same_name_same_price,identical,1,"Опис Опис: Обклеювання крайкою зрізів деталей з П-подібними зарізами і вирізами (вікнами). Обмеження: Периметр вирізу до 1 м.п. Максимальний розмір прямокутного вирізу – 200×200 мм, круглого – d = 200 мм. Використовується для плит ВГ і ГТ. Для тонкої крайки радіус внутрішніх кутів – від 10 мм, для т"
122445,ca15ab74-87df-4caf-b727-4f38c46b9cf3,"Крайкування ручне вирізів, вікон мінім. ПУР (плит ВГ і ГТ)",viyar-services/pokleyka_krivolineynaya,edgebanding,https://viyar.ua/ua/catalog/kromkovanie_ruchnoe_vyrezov_okon_minim_pur_plit_vg_i_gt/,405.96,True,True,33,363,parsed,parsed,2,2,same_article_same_name_same_price,same_article_same_name_same_price,identical,1,"Опис Опис: Обклеювання крайкою зрізів деталей з П-подібними зарізами і вирізами (вікнами). Обмеження: Периметр вирізу до 1 м.п. Максимальний розмір прямокутного вирізу – 200×200 мм, круглого – d = 200 мм. Використовується для плит ВГ і ГТ. Для тонкої крайки радіус внутрішніх кутів – від 10 мм, для т"
122447,e9dbf639-fc4a-4874-b978-3697ea6ed3f9,"Крайкування ручне вирізів, вікон мінім. ПУР білим клеєм",viyar-services/pokleyka_krivolineynaya,edgebanding,https://viyar.ua/ua/catalog/kromkovanie_ruchnoe_vyrezov_okon_minim_pur_belym/,345.96,True,True,33,386,parsed,parsed,2,1,same_article_same_name_same_price,same_article_same_name_same_price,identical,1,"Опис Опис: Обклеювання крайкою зрізів деталей з П-подібними зарізами і вирізами (вікнами). Обмеження: Периметр вирізу до 1 м.п. Максимальний розмір прямокутного вирізу – 200×200 мм, круглого – d = 200 мм. Для тонкої крайки радіус внутрішніх кутів – від 10 мм, для товстої – від 50 мм. Вирізи у вигляд"
122447,e6fbc9e0-8cfb-420d-9b95-9b64dbc72ae6,"Крайкування ручне вирізів, вікон мінім. ПУР білим клеєм",viyar-services/pokleyka_krivolineynaya,edgebanding,https://viyar.ua/ua/catalog/kromkovanie_ruchnoe_vyrezov_okon_minim_pur_belym/,345.96,True,True,33,386,parsed,parsed,2,2,same_article_same_name_same_price,same_article_same_name_same_price,identical,1,"Опис Опис: Обклеювання крайкою зрізів деталей з П-подібними зарізами і вирізами (вікнами). Обмеження: Периметр вирізу до 1 м.п. Максимальний розмір прямокутного вирізу – 200×200 мм, круглого – d = 200 мм. Для тонкої крайки радіус внутрішніх кутів – від 10 мм, для товстої – від 50 мм. Вирізи у вигляд"
122449,74cc870d-a008-44ae-8cf7-5591129b14eb,"Крайкування ручне вирізів, вікон мінім. ПУР білим клеєм (плит ВГ і ГТ)",viyar-services/pokleyka_krivolineynaya,edgebanding,https://viyar.ua/ua/catalog/kromkovanie_ruchnoe_vyrezov_okon_minim_pur_belym_plit_vg_i_gt/,405.96,True,True,33,363,parsed,parsed,2,1,same_article_same_name_same_price,same_article_same_name_same_price,identical,1,"Опис Опис: Обклеювання крайкою зрізів деталей з П-подібними зарізами і вирізами (вікнами). Обмеження: Периметр вирізу до 1 м.п. Максимальний розмір прямокутного вирізу – 200×200 мм, круглого – d = 200 мм. Використовується для плит ВГ і ГТ. Для тонкої крайки радіус внутрішніх кутів – від 10 мм, для т"
122449,3b5b1645-a70b-4a7e-9261-4b8e0d9d4176,"Крайкування ручне вирізів, вікон мінім. ПУР білим клеєм (плит ВГ і ГТ)",viyar-services/pokleyka_krivolineynaya,edgebanding,https://viyar.ua/ua/catalog/kromkovanie_ruchnoe_vyrezov_okon_minim_pur_belym_plit_vg_i_gt/,405.96,True,True,33,363,parsed,parsed,2,2,same_article_same_name_same_price,same_article_same_name_same_price,identical,1,"Опис Опис: Обклеювання крайкою зрізів деталей з П-подібними зарізами і вирізами (вікнами). Обмеження: Периметр вирізу до 1 м.п. Максимальний розмір прямокутного вирізу – 200×200 мм, круглого – d = 200 мм. Використовується для плит ВГ і ГТ. Для тонкої крайки радіус внутрішніх кутів – від 10 мм, для т"
122450,97186db7-4037-4758-85a5-62c69902cd15,"Крайкування ручне вирізів, вікон стяжок мінім. ПУР",viyar-services/pokleyka_krivolineynaya,edgebanding,https://viyar.ua/ua/catalog/kromkovanie_ruchnoe_vyrezov_okon_styazhek_minim_pur/,516.0,True,True,33,376,parsed,parsed,2,1,same_article_same_name_same_price,same_article_same_name_same_price,identical,1,"Опис Опис: Обклеювання крайкою зрізів стяжок (з'єднання 2-3 плит) з П-подібними зарізами і вирізами. Обмеження: Периметр вирізу менше 1 м.п. Мінімальний розмір П-подібного вирізу: 200×10 мм (крайка ≤ 0,8 мм) або 200×50 мм (крайка ≥ 1 мм). Мінімальний радіус: 80 мм. Внутрішні сторони вирізів вікон кр"
122450,456dbc23-4ce9-4e3d-86ae-1b51a6be9d05,"Крайкування ручне вирізів, вікон стяжок мінім. ПУР",viyar-services/pokleyka_krivolineynaya,edgebanding,https://viyar.ua/ua/catalog/kromkovanie_ruchnoe_vyrezov_okon_styazhek_minim_pur/,516.0,True,True,33,376,parsed,parsed,2,2,same_article_same_name_same_price,same_article_same_name_same_price,identical,1,"Опис Опис: Обклеювання крайкою зрізів стяжок (з'єднання 2-3 плит) з П-подібними зарізами і вирізами. Обмеження: Периметр вирізу менше 1 м.п. Мінімальний розмір П-подібного вирізу: 200×10 мм (крайка ≤ 0,8 мм) або 200×50 мм (крайка ≥ 1 мм). Мінімальний радіус: 80 мм. Внутрішні сторони вирізів вікон кр"
122452,f644fc4d-8430-4aa3-b8b6-394a0cd4d33d,"Крайкування ручне вирізів, вікон стяжок мінім. ПУР (плит ВГ і ГТ)",viyar-services/pokleyka_krivolineynaya,edgebanding,https://viyar.ua/ua/catalog/kromkovanie_ruchnoe_vyrezov_okon_styazhek_minim_pur_plit_vg_i_gt/,636.0,True,True,33,376,parsed,parsed,2,1,same_article_same_name_same_price,same_article_same_name_same_price,identical,1,"Опис Опис: Обклеювання крайкою зрізів стяжок (з'єднання 2-3 плит) з П-подібними зарізами і вирізами. Обмеження: Периметр вирізу менше 1 м.п. Мінімальний розмір П-подібного вирізу: 200×10 мм (крайка ≤ 0,8 мм) або 200×50 мм (крайка ≥ 1 мм). Мінімальний радіус: 80 мм. Внутрішні сторони вирізів вікон кр"
122452,ce899561-6ca1-456d-a855-1003c8bd4ab7,"Крайкування ручне вирізів, вікон стяжок мінім. ПУР (плит ВГ і ГТ)",viyar-services/pokleyka_krivolineynaya,edgebanding,https://viyar.ua/ua/catalog/kromkovanie_ruchnoe_vyrezov_okon_styazhek_minim_pur_plit_vg_i_gt/,636.0,True,True,33,376,parsed,parsed,2,2,same_article_same_name_same_price,same_article_same_name_same_price,identical,1,"Опис Опис: Обклеювання крайкою зрізів стяжок (з'єднання 2-3 плит) з П-подібними зарізами і вирізами. Обмеження: Периметр вирізу менше 1 м.п. Мінімальний розмір П-подібного вирізу: 200×10 мм (крайка ≤ 0,8 мм) або 200×50 мм (крайка ≥ 1 мм). Мінімальний радіус: 80 мм. Внутрішні сторони вирізів вікон кр"
122453,b023d260-a69c-432f-a945-7dfe5e2fa03b,"Крайкування ручне вирізів, вікон стяжок мінім. ПУР білим клеєм",viyar-services/pokleyka_krivolineynaya,edgebanding,https://viyar.ua/ua/catalog/kromkovanie_ruchnoe_vyrezov_okon_styazhek_minim_pur_belym/,516.0,True,True,33,376,parsed,parsed,2,1,same_article_same_name_same_price,same_article_same_name_same_price,identical,1,"Опис Опис: Обклеювання крайкою зрізів стяжок (з'єднання 2-3 плит) з П-подібними зарізами і вирізами. Обмеження: Периметр вирізу менше 1 м.п. Мінімальний розмір П-подібного вирізу: 200×10 мм (крайка ≤ 0,8 мм) або 200×50 мм (крайка ≥ 1 мм). Мінімальний радіус: 80 мм. Внутрішні сторони вирізів вікон кр"
122453,18051377-2333-4981-8ef4-4b3245c827df,"Крайкування ручне вирізів, вікон стяжок мінім. ПУР білим клеєм",viyar-services/pokleyka_krivolineynaya,edgebanding,https://viyar.ua/ua/catalog/kromkovanie_ruchnoe_vyrezov_okon_styazhek_minim_pur_belym/,516.0,True,True,33,376,parsed,parsed,2,2,same_article_same_name_same_price,same_article_same_name_same_price,identical,1,"Опис Опис: Обклеювання крайкою зрізів стяжок (з'єднання 2-3 плит) з П-подібними зарізами і вирізами. Обмеження: Периметр вирізу менше 1 м.п. Мінімальний розмір П-подібного вирізу: 200×10 мм (крайка ≤ 0,8 мм) або 200×50 мм (крайка ≥ 1 мм). Мінімальний радіус: 80 мм. Внутрішні сторони вирізів вікон кр"
122454,d72e20ec-a021-49ab-aed5-60eabac61130,"Крайкування ручне вирізів, вікон стяжок мінім. ПУР білим клеєм (плит ВГ і ГТ)",viyar-services/pokleyka_krivolineynaya,edgebanding,https://viyar.ua/ua/catalog/kromkovanie_ruchnoe_vyrezov_okon_styazhek_minim_pur_belym_plit_vg_i_gt/,636.0,True,True,33,376,parsed,parsed,3,1,same_article_same_name_same_price,same_article_same_name_same_price,identical,1,"Опис Опис: Обклеювання крайкою зрізів стяжок (з'єднання 2-3 плит) з П-подібними зарізами і вирізами. Обмеження: Периметр вирізу менше 1 м.п. Мінімальний розмір П-подібного вирізу: 200×10 мм (крайка ≤ 0,8 мм) або 200×50 мм (крайка ≥ 1 мм). Мінімальний радіус: 80 мм. Внутрішні сторони вирізів вікон кр"
122454,dcdebe2d-95a3-408b-b280-8eb6f486af58,"Крайкування ручне вирізів, вікон стяжок мінім. ПУР білим клеєм (плит ВГ і ГТ)",viyar-services/pokleyka_krivolineynaya,edgebanding,https://viyar.ua/ua/catalog/kromkovanie_ruchnoe_vyrezov_okon_styazhek_minim_pur_belym_plit_vg_i_gt/,636.0,True,True,33,376,parsed,parsed,3,2,same_article_same_name_same_price,same_article_same_name_same_price,identical,1,"Опис Опис: Обклеювання крайкою зрізів стяжок (з'єднання 2-3 плит) з П-подібними зарізами і вирізами. Обмеження: Периметр вирізу менше 1 м.п. Мінімальний розмір П-подібного вирізу: 200×10 мм (крайка ≤ 0,8 мм) або 200×50 мм (крайка ≥ 1 мм). Мінімальний радіус: 80 мм. Внутрішні сторони вирізів вікон кр"
122454,07d4f084-8e4b-4a73-a862-a380c769bf28,"Крайкування ручне вирізів, вікон стяжок мінім. ПУР білим клеєм (плит ВГ і ГТ)",viyar-services/pokleyka_krivolineynaya,edgebanding,https://viyar.ua/ua/catalog/kromkovanie_ruchnoe_vyrezov_okon_styazhek_minim_pur_belym_plit_vg_i_gt/,636.0,True,True,33,376,parsed,parsed,3,3,same_article_same_name_same_price,same_article_same_name_same_price,identical,1,"Опис Опис: Обклеювання крайкою зрізів стяжок (з'єднання 2-3 плит) з П-подібними зарізами і вирізами. Обмеження: Периметр вирізу менше 1 м.п. Мінімальний розмір П-подібного вирізу: 200×10 мм (крайка ≤ 0,8 мм) або 200×50 мм (крайка ≥ 1 мм). Мінімальний радіус: 80 мм. Внутрішні сторони вирізів вікон кр"
122455,7a6f97f5-b469-4733-96dd-ffc94b37dd34,"Крайкування кутів, радіусів мінім. ПУР (до 200мм)",viyar-services/pokleyka_krivolineynaya,edgebanding,https://viyar.ua/ua/catalog/kromkovanie_uglov_radiusov_minim_pur_do_200mm/,151.98,True,True,33,513,parsed,parsed,2,1,same_article_same_name_same_price,same_article_same_name_same_price,identical,1,"Опис <strong>Опис:</strong><br> Обклеювання торців деталей з кутами, відмінними від 90 градусів, радіусами або Г-подібними зарізами ПВХ-крайкою.<br> <strong>Обмеження:</strong><br> Мінімальний радіус: 10 мм для крайки 0,4-0,8 мм, 70 мм для крайки від 1 мм. Для обклеювання без радіуса необхідна оброб"
122455,8e64ba1d-7cdc-4f1d-881d-a7dc2d05ec64,"Крайкування кутів, радіусів мінім. ПУР (до 200мм)",viyar-services/pokleyka_krivolineynaya,edgebanding,https://viyar.ua/ua/catalog/kromkovanie_uglov_radiusov_minim_pur_do_200mm/,151.98,True,True,33,513,parsed,parsed,2,2,same_article_same_name_same_price,same_article_same_name_same_price,identical,1,"Опис <strong>Опис:</strong><br> Обклеювання торців деталей з кутами, відмінними від 90 градусів, радіусами або Г-подібними зарізами ПВХ-крайкою.<br> <strong>Обмеження:</strong><br> Мінімальний радіус: 10 мм для крайки 0,4-0,8 мм, 70 мм для крайки від 1 мм. Для обклеювання без радіуса необхідна оброб"
122456,1bc0fda8-9559-4777-b73b-0ce9810e8879,"Крайкування кутів, радіусів мінім. ПУР (до 200мм) (плит ВГ и ГТ)",viyar-services/pokleyka_krivolineynaya,edgebanding,https://viyar.ua/ua/catalog/kromkovanie_uglov_radiusov_minim_pur_do_200mm_plit_vg_i_gt/,192.0,True,True,33,513,parsed,parsed,2,1,same_article_same_name_same_price,same_article_same_name_same_price,identical,1,"Опис <strong>Опис:</strong><br> Обклеювання торців деталей з кутами, відмінними від 90 градусів, радіусами або Г-подібними зарізами ПВХ-крайкою.<br> <strong>Обмеження:</strong><br> Мінімальний радіус: 10 мм для крайки 0,4-0,8 мм, 70 мм для крайки від 1 мм. Для обклеювання без радіуса необхідна оброб"
122456,b66445c7-f887-47fc-b8dc-a5ae20a9df77,"Крайкування кутів, радіусів мінім. ПУР (до 200мм) (плит ВГ и ГТ)",viyar-services/pokleyka_krivolineynaya,edgebanding,https://viyar.ua/ua/catalog/kromkovanie_uglov_radiusov_minim_pur_do_200mm_plit_vg_i_gt/,192.0,True,True,33,513,parsed,parsed,2,2,same_article_same_name_same_price,same_article_same_name_same_price,identical,1,"Опис <strong>Опис:</strong><br> Обклеювання торців деталей з кутами, відмінними від 90 градусів, радіусами або Г-подібними зарізами ПВХ-крайкою.<br> <strong>Обмеження:</strong><br> Мінімальний радіус: 10 мм для крайки 0,4-0,8 мм, 70 мм для крайки від 1 мм. Для обклеювання без радіуса необхідна оброб"
122457,5466b67b-ff8a-46da-8750-3a68bbb44828,"Крайкування кутів, радіусів мінім. ПУР білим клеєм (до 200мм)",viyar-services/pokleyka_krivolineynaya,edgebanding,https://viyar.ua/ua/catalog/kromkovanie_uglov_radiusov_minim_pur_belym_do_200mm/,151.98,True,True,33,513,parsed,parsed,2,1,same_article_same_name_same_price,same_article_same_name_same_price,identical,1,"Опис <strong>Опис:</strong><br> Обклеювання торців деталей з кутами, відмінними від 90 градусів, радіусами або Г-подібними зарізами ПВХ-крайкою.<br> <strong>Обмеження:</strong><br> Мінімальний радіус: 10 мм для крайки 0,4-0,8 мм, 70 мм для крайки від 1 мм. Для обклеювання без радіуса необхідна оброб"
122457,20d34d6d-038d-4f15-81e4-ddddc965f343,"Крайкування кутів, радіусів мінім. ПУР білим клеєм (до 200мм)",viyar-services/pokleyka_krivolineynaya,edgebanding,https://viyar.ua/ua/catalog/kromkovanie_uglov_radiusov_minim_pur_belym_do_200mm/,151.98,True,True,33,513,parsed,parsed,2,2,same_article_same_name_same_price,same_article_same_name_same_price,identical,1,"Опис <strong>Опис:</strong><br> Обклеювання торців деталей з кутами, відмінними від 90 градусів, радіусами або Г-подібними зарізами ПВХ-крайкою.<br> <strong>Обмеження:</strong><br> Мінімальний радіус: 10 мм для крайки 0,4-0,8 мм, 70 мм для крайки від 1 мм. Для обклеювання без радіуса необхідна оброб"
122458,1fd70daa-7d8f-4a5f-8cd2-49430695c62d,"Крайкування кутів, радіусів мінім. ПУР білим клеєм(до 200мм) (плит ВГ і ГТ)",viyar-services/pokleyka_krivolineynaya,edgebanding,https://viyar.ua/ua/catalog/kromkovanie_uglov_radiusov_minim_pur_belym_do_200mm_plit_vg_i_gt/,192.0,True,True,33,513,parsed,parsed,2,1,same_article_same_name_same_price,same_article_same_name_same_price,identical,1,"Опис <strong>Опис:</strong><br> Обклеювання торців деталей з кутами, відмінними від 90 градусів, радіусами або Г-подібними зарізами ПВХ-крайкою.<br> <strong>Обмеження:</strong><br> Мінімальний радіус: 10 мм для крайки 0,4-0,8 мм, 70 мм для крайки від 1 мм. Для обклеювання без радіуса необхідна оброб"
122458,27fb9875-c258-4c1e-a29b-d0f42ab52013,"Крайкування кутів, радіусів мінім. ПУР білим клеєм(до 200мм) (плит ВГ і ГТ)",viyar-services/pokleyka_krivolineynaya,edgebanding,https://viyar.ua/ua/catalog/kromkovanie_uglov_radiusov_minim_pur_belym_do_200mm_plit_vg_i_gt/,192.0,True,True,33,513,parsed,parsed,2,2,same_article_same_name_same_price,same_article_same_name_same_price,identical,1,"Опис <strong>Опис:</strong><br> Обклеювання торців деталей з кутами, відмінними від 90 градусів, радіусами або Г-подібними зарізами ПВХ-крайкою.<br> <strong>Обмеження:</strong><br> Мінімальний радіус: 10 мм для крайки 0,4-0,8 мм, 70 мм для крайки від 1 мм. Для обклеювання без радіуса необхідна оброб"
122460,c58f3697-3e6c-48d2-9a23-48aa9b07802d,"Крайкування кутів, радіусів пластиком мінім. ПУР (до 200мм)",viyar-services/pokleyka_krivolineynaya,edgebanding,https://viyar.ua/ua/catalog/kromkovanie_uglov_radiusov_plastikom_minim_pur_do_200mm/,573.0,True,True,33,480,parsed,parsed,3,1,same_article_same_name_same_price,same_article_same_name_same_price,identical,1,"Опис <strong>Опис:</strong><br> Обклеювання торців деталей з кутами, відмінними від 90 градусів, радіусами або Г-подібними зарізами пластиковою крайкою.<br> <strong>Обмеження:</strong><br> Мінімальний радіус: 60 мм для крайки 0,4-0,8 мм, 70 мм для крайки від 1 мм. Для обклеювання без радіуса необхід"
122460,1909d220-13e8-42dd-ba60-25043edd15e8,"Крайкування кутів, радіусів пластиком мінім. ПУР (до 200мм)",viyar-services/pokleyka_krivolineynaya,edgebanding,https://viyar.ua/ua/catalog/kromkovanie_uglov_radiusov_plastikom_minim_pur_do_200mm/,573.0,True,True,33,480,parsed,parsed,3,2,same_article_same_name_same_price,same_article_same_name_same_price,identical,1,"Опис <strong>Опис:</strong><br> Обклеювання торців деталей з кутами, відмінними від 90 градусів, радіусами або Г-подібними зарізами пластиковою крайкою.<br> <strong>Обмеження:</strong><br> Мінімальний радіус: 60 мм для крайки 0,4-0,8 мм, 70 мм для крайки від 1 мм. Для обклеювання без радіуса необхід"
122460,6ac534f2-009f-42d4-90a8-5ccf542d7486,"Крайкування кутів, радіусів пластиком мінім. ПУР (до 200мм)",viyar-services/pokleyka_krivolineynaya,edgebanding,https://viyar.ua/ua/catalog/kromkovanie_uglov_radiusov_plastikom_minim_pur_do_200mm/,573.0,True,True,33,480,parsed,parsed,3,3,same_article_same_name_same_price,same_article_same_name_same_price,identical,1,"Опис <strong>Опис:</strong><br> Обклеювання торців деталей з кутами, відмінними від 90 градусів, радіусами або Г-подібними зарізами пластиковою крайкою.<br> <strong>Обмеження:</strong><br> Мінімальний радіус: 60 мм для крайки 0,4-0,8 мм, 70 мм для крайки від 1 мм. Для обклеювання без радіуса необхід"
122461,8eea5fde-eff7-489a-87cc-44553748a786,"Крайкування кутів, радіусів пластиком мінім. ПУР білим (до 200мм)",viyar-services/pokleyka_krivolineynaya,edgebanding,https://viyar.ua/ua/catalog/kromkovanie_uglov_radiusov_plastikom_minim_pur_belym_do_200mm/,573.0,True,True,33,480,parsed,parsed,2,1,same_article_same_name_same_price,same_article_same_name_same_price,identical,1,"Опис <strong>Опис:</strong><br> Обклеювання торців деталей з кутами, відмінними від 90 градусів, радіусами або Г-подібними зарізами пластиковою крайкою.<br> <strong>Обмеження:</strong><br> Мінімальний радіус: 60 мм для крайки 0,4-0,8 мм, 70 мм для крайки від 1 мм. Для обклеювання без радіуса необхід"
122461,70d5ebed-fa54-4b3f-a6ce-5a73f2189c2b,"Крайкування кутів, радіусів пластиком мінім. ПУР білим (до 200мм)",viyar-services/pokleyka_krivolineynaya,edgebanding,https://viyar.ua/ua/catalog/kromkovanie_uglov_radiusov_plastikom_minim_pur_belym_do_200mm/,573.0,True,True,33,480,parsed,parsed,2,2,same_article_same_name_same_price,same_article_same_name_same_price,identical,1,"Опис <strong>Опис:</strong><br> Обклеювання торців деталей з кутами, відмінними від 90 градусів, радіусами або Г-подібними зарізами пластиковою крайкою.<br> <strong>Обмеження:</strong><br> Мінімальний радіус: 60 мм для крайки 0,4-0,8 мм, 70 мм для крайки від 1 мм. Для обклеювання без радіуса необхід"
122462,8e4524d4-07e4-457a-9ee5-b1514794480a,"Крайкування кутів, радіусів стільниць мінім. ПУР (до 200мм)",viyar-services/pokleyka_krivolineynaya,edgebanding,https://viyar.ua/ua/catalog/kromkovanie_uglov_radiusov_stoleshnits_minim_pur_do_200mm/,286.98,True,True,33,0,no_full_description,no_full_description,2,1,same_article_same_name_same_price,same_article_same_name_same_price,identical,1,
122462,dd1a2b60-502c-4b4c-806c-3879e7505683,"Крайкування кутів, радіусів стільниць мінім. ПУР (до 200мм)",viyar-services/pokleyka_krivolineynaya,edgebanding,https://viyar.ua/ua/catalog/kromkovanie_uglov_radiusov_stoleshnits_minim_pur_do_200mm/,286.98,True,True,33,0,no_full_description,no_full_description,2,2,same_article_same_name_same_price,same_article_same_name_same_price,identical,1,
122463,a3e0794d-0fb4-44ef-bd8a-116a5d7c9494,"Крайкування кутів, радіусів стільниць мінім. ПУР білим (до 200мм)",viyar-services/pokleyka_krivolineynaya,edgebanding,https://viyar.ua/ua/catalog/kromkovanie_uglov_radiusov_stoleshnits_minim_pur_belym_do_200mm/,286.98,True,True,33,0,no_full_description,no_full_description,2,1,same_article_same_name_same_price,same_article_same_name_same_price,identical,1,
122463,445f54b5-264e-42b7-9e0b-6b677f1e4991,"Крайкування кутів, радіусів стільниць мінім. ПУР білим (до 200мм)",viyar-services/pokleyka_krivolineynaya,edgebanding,https://viyar.ua/ua/catalog/kromkovanie_uglov_radiusov_stoleshnits_minim_pur_belym_do_200mm/,286.98,True,True,33,0,no_full_description,no_full_description,2,2,same_article_same_name_same_price,same_article_same_name_same_price,identical,1,
122464,008bc5b7-6da0-4bcc-a959-b63b85e40d46,"Крайкування кутів, радіусів стяжок мінім. ПУР (до 200мм)",viyar-services/pokleyka_krivolineynaya,edgebanding,https://viyar.ua/ua/catalog/kromkovanie_uglov_radiusov_styazhek_minim_pur_do_200mm/,196.98,True,True,33,0,no_full_description,no_full_description,3,1,same_article_same_name_same_price,same_article_same_name_same_price,identical,1,
122464,6d8759f4-ed30-47c8-a8ea-aabefca1ae1d,"Крайкування кутів, радіусів стяжок мінім. ПУР (до 200мм)",viyar-services/pokleyka_krivolineynaya,edgebanding,https://viyar.ua/ua/catalog/kromkovanie_uglov_radiusov_styazhek_minim_pur_do_200mm/,196.98,True,True,33,0,no_full_description,no_full_description,3,2,same_article_same_name_same_price,same_article_same_name_same_price,identical,1,
122464,2680e364-a5e2-44c3-8321-81526223dba9,"Крайкування кутів, радіусів стяжок мінім. ПУР (до 200мм)",viyar-services/pokleyka_krivolineynaya,edgebanding,https://viyar.ua/ua/catalog/kromkovanie_uglov_radiusov_styazhek_minim_pur_do_200mm/,196.98,True,True,33,0,no_full_description,no_full_description,3,3,same_article_same_name_same_price,same_article_same_name_same_price,identical,1,
122465,2edec9f2-6f07-4089-af32-7d64aa9181d7,"Крайкування кутів, радіусів стяжок мінім. ПУР (до 200мм) (плит ВГ і ГТ)",viyar-services/pokleyka_krivolineynaya,edgebanding,https://viyar.ua/ua/catalog/kromkovanie_uglov_radiusov_styazhek_minim_pur_do_200mm_plit_vg_i_gt/,234.96,True,True,33,0,no_full_description,no_full_description,2,1,same_article_same_name_same_price,same_article_same_name_same_price,identical,1,
122465,ef17aeb0-fec4-4969-bc9c-3e2147c007e1,"Крайкування кутів, радіусів стяжок мінім. ПУР (до 200мм) (плит ВГ і ГТ)",viyar-services/pokleyka_krivolineynaya,edgebanding,https://viyar.ua/ua/catalog/kromkovanie_uglov_radiusov_styazhek_minim_pur_do_200mm_plit_vg_i_gt/,234.96,True,True,33,0,no_full_description,no_full_description,2,2,same_article_same_name_same_price,same_article_same_name_same_price,identical,1,
122466,005fa3ee-bb20-4b46-a537-3aa1db73e936,"Крайкування кутів, радіусів стяжок мінім. ПУР білим клеєм(до 200мм)",viyar-services/pokleyka_krivolineynaya,edgebanding,https://viyar.ua/ua/catalog/kromkovanie_uglov_radiusov_styazhek_minim_pur_belym_do_200mm/,196.98,True,True,33,0,no_full_description,no_full_description,3,1,same_article_same_name_same_price,same_article_same_name_same_price,identical,1,
122466,a17c69a6-7920-453c-9de1-bc0ddf4e14c3,"Крайкування кутів, радіусів стяжок мінім. ПУР білим клеєм(до 200мм)",viyar-services/pokleyka_krivolineynaya,edgebanding,https://viyar.ua/ua/catalog/kromkovanie_uglov_radiusov_styazhek_minim_pur_belym_do_200mm/,196.98,True,True,33,0,no_full_description,no_full_description,3,2,same_article_same_name_same_price,same_article_same_name_same_price,identical,1,
122466,5323b6e4-eeed-4b02-a467-245c134143ce,"Крайкування кутів, радіусів стяжок мінім. ПУР білим клеєм(до 200мм)",viyar-services/pokleyka_krivolineynaya,edgebanding,https://viyar.ua/ua/catalog/kromkovanie_uglov_radiusov_styazhek_minim_pur_belym_do_200mm/,196.98,True,True,33,0,no_full_description,no_full_description,3,3,same_article_same_name_same_price,same_article_same_name_same_price,identical,1,
122467,4cd979a2-83a9-433f-85cd-35ff38f32691,"Крайкування кутів, радіусів стяжок мінім. ПУР білим клеєм(до 200мм) (плит ВГ і ГТ)",viyar-services/pokleyka_krivolineynaya,edgebanding,https://viyar.ua/ua/catalog/kromkovanie_uglov_radiusov_styazhek_minim_pur_belym_do_200mm_plit_vg_i_gt/,234.96,True,True,33,0,no_full_description,no_full_description,2,1,same_article_same_name_same_price,same_article_same_name_same_price,identical,1,
122467,a0fd476b-0207-4e6c-8ee2-7d48b28b93ed,"Крайкування кутів, радіусів стяжок мінім. ПУР білим клеєм(до 200мм) (плит ВГ і ГТ)",viyar-services/pokleyka_krivolineynaya,edgebanding,https://viyar.ua/ua/catalog/kromkovanie_uglov_radiusov_styazhek_minim_pur_belym_do_200mm_plit_vg_i_gt/,234.96,True,True,33,0,no_full_description,no_full_description,2,2,same_article_same_name_same_price,same_article_same_name_same_price,identical,1,
130923,50fdb033-ada3-45b1-af9a-3606016a5a58,"Крайкування кутів, радіусів ПУР металізованою крайкою",viyar-services/pokleyka_krivolineynaya,edgebanding,https://viyar.ua/ua/catalog/kraykuvannya-kutiv-radiusiv-pur-metalizovanoyu-kraykoyu/,145.98,True,True,33,0,no_full_description,no_full_description,2,1,same_article_same_name_same_price,same_article_same_name_same_price,identical,1,
130923,6eb3fd46-dda6-4a97-a3c5-30a67d973ac3,"Крайкування кутів, радіусів ПУР металізованою крайкою",viyar-services/pokleyka_krivolineynaya,edgebanding,https://viyar.ua/ua/catalog/kraykuvannya-kutiv-radiusiv-pur-metalizovanoyu-kraykoyu/,145.98,True,True,33,0,no_full_description,no_full_description,2,2,same_article_same_name_same_price,same_article_same_name_same_price,identical,1,
130939,4f715a27-b177-4dfa-904d-fb586088f74d,"Крайкування кутів, радіусів стяжок ПУР металізованою крайкою",viyar-services/pokleyka_krivolineynaya,edgebanding,https://viyar.ua/ua/catalog/kraykuvannya-kutiv-radiusiv-styazhok-pur-metalizovanoyu-kraykoyu/,184.98,True,True,33,0,no_full_description,no_full_description,2,1,same_article_same_name_same_price,same_article_same_name_same_price,identical,1,
130939,25d4c472-11a0-420f-be4a-69e14d4b106e,"Крайкування кутів, радіусів стяжок ПУР металізованою крайкою",viyar-services/pokleyka_krivolineynaya,edgebanding,https://viyar.ua/ua/catalog/kraykuvannya-kutiv-radiusiv-styazhok-pur-metalizovanoyu-kraykoyu/,184.98,True,True,33,0,no_full_description,no_full_description,2,2,same_article_same_name_same_price,same_article_same_name_same_price,identical,1,
131992,a5cdfd79-a9b1-460a-b71d-3cc1bd415348,Складний фрезерний різ в РС (плит ВГ/ ГТ),viyar-services/frezerovka,milling,https://viyar.ua/ua/catalog/slozhnyy-frezernyy-rez-v-rs-plit-vg-gt/,60.0,True,True,236,0,no_full_description,no_full_description,2,1,same_article_same_name_same_price,same_article_same_name_same_price,identical,1,
131992,42c72222-af81-429c-a013-90216510d737,Складний фрезерний різ в РС (плит ВГ/ ГТ),viyar-services/frezerovka,milling,https://viyar.ua/ua/catalog/slozhnyy-frezernyy-rez-v-rs-plit-vg-gt/,60.0,True,True,236,0,no_full_description,no_full_description,2,2,same_article_same_name_same_price,same_article_same_name_same_price,identical,1,
131994,98caf3e9-0180-46ea-ac0f-0d7e5f79e7ca,Складний фрезерний різ мінімальний (довжина до 450мм) (товщина від 28мм) (плит ВГ/ ГТ),viyar-services/frezerovka,milling,https://viyar.ua/ua/catalog/slozhnyy-frezernyy-rez-minimalnyy-dlina-do-450mm-tolshchina-ot-28mm-plit-vg-gt/,108.96,True,True,236,181,parsed,parsed,2,1,same_article_same_name_same_price,same_article_same_name_same_price,identical,1,Опис Опис: Складне фрезерування мінімальної довжини для плит ВГ/ГТ товщиною від 28 мм. Обмеження: Аналогічні стандартному складному фрезерному різу. Обладнання: Обробний центр з ЧПК
131994,4cad1c66-9046-482c-ae55-dbdb87ce722f,Складний фрезерний різ мінімальний (довжина до 450мм) (товщина від 28мм) (плит ВГ/ ГТ),viyar-services/frezerovka,milling,https://viyar.ua/ua/catalog/slozhnyy-frezernyy-rez-minimalnyy-dlina-do-450mm-tolshchina-ot-28mm-plit-vg-gt/,108.96,True,True,236,181,parsed,parsed,2,2,same_article_same_name_same_price,same_article_same_name_same_price,identical,1,Опис Опис: Складне фрезерування мінімальної довжини для плит ВГ/ГТ товщиною від 28 мм. Обмеження: Аналогічні стандартному складному фрезерному різу. Обладнання: Обробний центр з ЧПК
148588,7fdd9e32-3fec-4c78-a77d-5a0b0328981a,Кромкування зрізу під 45 °,viyar-services/pokleyka_krivolineynaya,edgebanding,https://viyar.ua/ua/catalog/kromkovanie_sreza_pod_45/,237.96,True,True,33,753,parsed,parsed,3,1,same_article_same_name_same_price,same_article_same_name_same_price,identical,1,Опис Опис: Обклеювання торців деталей зі зрізом 45 градусів. Обмеження: Мінімальний розмір деталі для зрізу з крайкою: 300×100 мм (довжина×ширина); можливе зменшення довжини до 250 мм через креслення. Максимальні розміри деталі: довжина 2700 мм при ширині від 100 до 500 мм; можливе збільшення ширини
148588,853a1921-971c-4d99-a490-d067ef606155,Кромкування зрізу під 45 °,viyar-services/pokleyka_krivolineynaya,edgebanding,https://viyar.ua/ua/catalog/kromkovanie_sreza_pod_45/,237.96,True,True,33,753,parsed,parsed,3,2,same_article_same_name_same_price,same_article_same_name_same_price,identical,1,Опис Опис: Обклеювання торців деталей зі зрізом 45 градусів. Обмеження: Мінімальний розмір деталі для зрізу з крайкою: 300×100 мм (довжина×ширина); можливе зменшення довжини до 250 мм через креслення. Максимальні розміри деталі: довжина 2700 мм при ширині від 100 до 500 мм; можливе збільшення ширини
148588,fc04e9b4-9d2c-4c97-a95c-28d6f422fba9,Кромкування зрізу під 45 °,viyar-services/pokleyka_krivolineynaya,edgebanding,https://viyar.ua/ua/catalog/kromkovanie_sreza_pod_45/,237.96,True,True,33,753,parsed,parsed,3,3,same_article_same_name_same_price,same_article_same_name_same_price,identical,1,Опис Опис: Обклеювання торців деталей зі зрізом 45 градусів. Обмеження: Мінімальний розмір деталі для зрізу з крайкою: 300×100 мм (довжина×ширина); можливе зменшення довжини до 250 мм через креслення. Максимальні розміри деталі: довжина 2700 мм при ширині від 100 до 500 мм; можливе збільшення ширини
151235,82d3456f-d891-4042-87b3-bb4be0dd42b2,Крайкування зрізу під 45° білим клеєм,viyar-services/pokleyka_krivolineynaya,edgebanding,https://viyar.ua/ua/catalog/krayka-sreza-pod-45-belym-kleem/,237.96,True,True,33,775,parsed,parsed,2,1,same_article_same_name_same_price,same_article_same_name_same_price,identical,1,"Опис Опис: Аналогічне до коду 148588, але виконується з використанням білого клею. Обмеження: Мінімальний розмір деталі для зрізу з крайкою: 300×100 мм (довжина×ширина); можливе зменшення довжини до 250 мм через креслення. Максимальні розміри деталі: довжина 2700 мм при ширині від 100 до 500 мм; мож"
151235,f61226f7-dcf2-4927-b2e6-b90ed552c543,Крайкування зрізу під 45° білим клеєм,viyar-services/pokleyka_krivolineynaya,edgebanding,https://viyar.ua/ua/catalog/krayka-sreza-pod-45-belym-kleem/,237.96,True,True,33,775,parsed,parsed,2,2,same_article_same_name_same_price,same_article_same_name_same_price,identical,1,"Опис Опис: Аналогічне до коду 148588, але виконується з використанням білого клею. Обмеження: Мінімальний розмір деталі для зрізу з крайкою: 300×100 мм (довжина×ширина); можливе зменшення довжини до 250 мм через креслення. Максимальні розміри деталі: довжина 2700 мм при ширині від 100 до 500 мм; мож"
160042,470a30af-4bce-4e03-89c6-b7653adc0717,"Складний фрезерний різ мінімальний ""Lamello"" (плит ВГ/ГТ)",viyar-services/frezerovka,milling,https://viyar.ua/ua/catalog/slozhnyy-frezernyy-rez-minimalnyy-lamello-plit-vg-gt/,87.96,True,True,236,189,parsed,parsed,2,1,same_article_same_name_same_price,same_article_same_name_same_price,identical,1,"Опис Опис: Послуга фрезерування необхідна для встановлення фурнітури від компанії ""Lamello"". Обмеження: Відповідність вимогам для монтажу фурнітури Lamello. Обладнання: Обробний центр з ЧПК"
160042,e55a4ee9-0f20-407a-af97-93adfe1e529c,"Складний фрезерний різ мінімальний ""Lamello"" (плит ВГ/ГТ)",viyar-services/frezerovka,milling,https://viyar.ua/ua/catalog/slozhnyy-frezernyy-rez-minimalnyy-lamello-plit-vg-gt/,87.96,True,True,236,189,parsed,parsed,2,2,same_article_same_name_same_price,same_article_same_name_same_price,identical,1,"Опис Опис: Послуга фрезерування необхідна для встановлення фурнітури від компанії ""Lamello"". Обмеження: Відповідність вимогам для монтажу фурнітури Lamello. Обладнання: Обробний центр з ЧПК"
